"","sub","item","cond","seq","dependnum","start","end","duration_ms","correctresp","subresp","accuracy"
"1",1,45,3,1,1,591876,594423,2547,1,1,1
"2",1,52,4,2,1,602749,605217,2468,1,1,1
"3",1,16,4,3,1,612301,615157,2856,0,0,1
"4",1,7,1,4,1,651002,655014,4012,1,1,1
"5",1,15,3,5,1,660835,663248,2413,1,1,1
"6",1,3,3,6,1,672540,676674,4134,1,1,1
"7",1,26,2,7,1,708402,711713,3311,1,1,1
"8",1,54,6,8,1,719294,721942,2648,1,1,1
"9",1,47,5,9,1,738768,740664,1896,1,1,1
"10",1,2,2,10,1,748641,751286,2645,1,1,1
"11",1,44,2,11,1,766538,768985,2447,1,1,1
"12",1,23,5,12,1,809532,812357,2825,0,0,1
"13",1,25,1,13,1,818253,820707,2454,0,0,1
"14",1,49,1,14,1,829904,832488,2584,0,0,1
"15",1,53,5,15,1,849486,851829,2343,0,0,1
"16",1,11,5,16,1,886249,888521,2272,0,1,0
"17",1,32,2,17,1,916602,918956,2354,1,1,1
"18",1,42,6,18,1,967001,971118,4117,1,1,1
"19",1,40,4,19,1,1037319,1041025,3706,0,0,1
"20",1,37,1,20,1,1081761,1084288,2527,1,1,1
"21",1,17,5,21,1,1093620,1096136,2516,1,1,1
"22",1,4,4,22,1,1111122,1113243,2121,0,0,1
"23",1,22,4,23,1,1127402,1129785,2383,1,1,1
"24",1,36,6,24,1,1167018,1170747,3729,1,1,1
"25",1,33,3,25,1,1178267,1181430,3163,0,0,1
"26",1,19,1,26,1,1188534,1191185,2651,1,0,0
"27",1,41,5,27,1,1214840,1218122,3282,0,0,1
"28",1,28,4,28,1,1300187,1302573,2386,0,0,1
"29",1,39,3,29,1,1331792,1334387,2595,1,1,1
"30",1,14,2,30,1,1342075,1344869,2794,1,1,1
"31",1,48,6,31,1,1378407,1387121,8714,0,0,1
"32",1,13,1,32,1,1400218,1402269,2051,1,1,1
"33",1,51,3,33,1,1442861,1445404,2543,0,0,1
"34",1,20,2,34,1,1470937,1473336,2399,1,1,1
"35",1,35,5,35,1,1489258,1492579,3321,0,0,1
"36",1,38,2,36,1,1507286,1509581,2295,0,0,1
"37",1,43,1,37,1,1526448,1529139,2691,0,0,1
"38",1,9,3,38,1,1571493,1574296,2803,1,1,1
"39",1,34,4,39,1,1591456,1594288,2832,1,1,1
"40",1,5,5,40,1,1626256,1629675,3419,0,0,1
"41",1,24,6,41,1,1651031,1653501,2470,0,0,1
"42",1,29,5,42,1,1663018,1666077,3059,1,1,1
"43",1,27,3,43,1,1672178,1674132,1954,0,0,1
"44",1,30,6,44,1,1684151,1686261,2110,1,1,1
"45",1,21,3,45,1,1699046,1701621,2575,1,1,1
"46",1,18,6,46,1,1708497,1710387,1890,0,0,1
"47",1,46,4,47,1,1739967,1742282,2315,0,0,1
"48",1,31,1,48,1,1813386,1817287,3901,0,0,1
"49",1,6,6,49,1,1823837,1826298,2461,0,0,1
"50",1,50,2,50,1,1838727,1840879,2152,1,1,1
"51",1,10,4,51,1,1870150,1872893,2743,0,0,1
"52",1,8,2,52,1,1909923,1912706,2783,0,0,1
"53",1,1,1,53,1,1918309,1920795,2486,0,0,1
"54",1,12,6,54,1,1927640,1930232,2592,0,0,1
"55",2,20,3,1,1,3512992,3516121,3129,1,1,1
"56",2,38,3,2,1,3524833,3526924,2091,0,0,1
"57",2,6,1,3,1,3535012,3537720,2708,0,0,1
"58",2,17,6,4,1,3547223,3549163,1940,1,1,1
"59",2,39,4,5,1,3584699,3587560,2861,1,1,1
"60",2,33,4,6,1,3618339,3621890,3551,0,0,1
"61",2,50,3,7,1,3644379,3646953,2574,1,1,1
"62",2,35,6,8,1,3654203,3658275,4072,0,0,1
"63",2,37,2,9,1,3666000,3671862,5862,1,1,1
"64",2,25,2,10,1,3688328,3692295,3967,0,0,1
"65",2,26,3,11,1,3698877,3701964,3087,1,1,1
"66",2,27,4,12,1,3710150,3713967,3817,0,0,1
"67",2,21,4,13,1,3739784,3742605,2821,1,1,1
"68",2,31,2,14,1,3764231,3768068,3837,0,1,0
"69",2,30,1,15,1,3784648,3786986,2338,1,1,1
"70",2,4,5,16,1,3813505,3816822,3317,0,0,1
"71",2,32,3,17,1,3880766,3883972,3206,1,1,1
"72",2,8,3,18,1,3912789,3916027,3238,0,0,1
"73",2,18,1,19,1,3923092,3926422,3330,0,0,1
"74",2,29,6,20,1,3964520,3967340,2820,1,1,1
"75",2,42,1,21,1,3974939,3979149,4210,1,1,1
"76",2,12,1,22,1,3997517,4000161,2644,0,0,1
"77",2,44,3,23,1,4012198,4015076,2878,1,1,1
"78",2,36,1,24,1,4020503,4023079,2576,1,1,1
"79",2,22,5,25,1,4031390,4034670,3280,1,1,1
"80",2,46,5,26,1,4041534,4044358,2824,0,0,1
"81",2,9,4,27,1,4059421,4062065,2644,1,1,1
"82",2,14,3,28,1,4154514,4156977,2463,1,1,1
"83",2,19,2,29,1,4168771,4171565,2794,1,1,1
"84",2,34,5,30,1,4178174,4180994,2820,1,1,1
"85",2,15,4,31,1,4188289,4191019,2730,1,1,1
"86",2,3,4,32,1,4197270,4199356,2086,1,1,1
"87",2,10,5,33,1,4222883,4225471,2588,0,0,1
"88",2,54,1,34,1,4248917,4253723,4806,1,1,1
"89",2,11,6,35,1,4260212,4262492,2280,0,1,0
"90",2,13,2,36,1,4270340,4273162,2822,1,1,1
"91",2,53,6,37,1,4332723,4334979,2256,0,0,1
"92",2,52,5,38,1,4341648,4344834,3186,1,1,1
"93",2,40,5,39,1,4362591,4365395,2804,0,0,1
"94",2,1,2,40,1,4409281,4411791,2510,0,0,1
"95",2,48,1,41,1,4440856,4443758,2902,0,0,1
"96",2,23,6,42,1,4451521,4454367,2846,0,0,1
"97",2,16,5,43,1,4460878,4463704,2826,0,0,1
"98",2,5,6,44,1,4470970,4473935,2965,0,0,1
"99",2,41,6,45,1,4504939,4507954,3015,0,0,1
"100",2,24,1,46,1,4515030,4518144,3114,0,0,1
"101",2,2,3,47,1,4544248,4547733,3485,1,1,1
"102",2,51,4,48,1,4554665,4557217,2552,0,0,1
"103",2,28,5,49,1,4598015,4601761,3746,0,0,1
"104",2,47,6,50,1,4658354,4662079,3725,1,1,1
"105",2,49,2,51,1,4668035,4669848,1813,0,0,1
"106",2,45,4,52,1,4676173,4679384,3211,1,1,1
"107",2,43,2,53,1,4692070,4697246,5176,0,0,1
"108",2,7,2,54,1,4716780,4719956,3176,1,1,1
"109",3,20,4,1,1,8037249,8039541,2292,1,1,1
"110",3,17,1,2,1,8057318,8059310,1992,1,1,1
"111",3,51,5,3,1,8079247,8080926,1679,0,0,1
"112",3,53,1,4,1,8091695,8093436,1741,0,0,1
"113",3,16,6,5,1,8109177,8111670,2493,0,0,1
"114",3,8,4,6,1,8130066,8131906,1840,0,0,1
"115",3,6,2,7,1,8159160,8161175,2015,0,0,1
"116",3,31,3,8,1,8173526,8176404,2878,0,0,1
"117",3,44,4,9,1,8195486,8197576,2090,1,1,1
"118",3,10,6,10,1,8204385,8206992,2607,0,0,1
"119",3,1,3,11,1,8220696,8222833,2137,0,0,1
"120",3,45,5,12,1,8229194,8231438,2244,1,1,1
"121",3,3,5,13,1,8244323,8246105,1782,1,1,1
"122",3,25,3,14,1,8260758,8262398,1640,0,0,1
"123",3,24,2,15,1,8293460,8295999,2539,0,0,1
"124",3,12,2,16,1,8319693,8321825,2132,0,0,1
"125",3,46,6,17,1,8329284,8332546,3262,0,0,1
"126",3,29,1,18,1,8352065,8354404,2339,1,1,1
"127",3,42,2,19,1,8373240,8376284,3044,1,1,1
"128",3,21,5,20,1,8386674,8389120,2446,1,1,1
"129",3,4,6,21,1,8394757,8396409,1652,0,0,1
"130",3,23,1,22,1,8401088,8402828,1740,0,0,1
"131",3,9,5,23,1,8419441,8421407,1966,1,1,1
"132",3,47,1,24,1,8433559,8435321,1762,1,1,1
"133",3,11,1,25,1,8450067,8453821,3754,0,1,0
"134",3,2,4,26,1,8504547,8506715,2168,1,1,1
"135",3,52,6,27,1,8520303,8522389,2086,1,1,1
"136",3,41,1,28,1,8541479,8543061,1582,0,0,1
"137",3,26,4,29,1,8549330,8553238,3908,1,1,1
"138",3,7,3,30,1,8562157,8566733,4576,1,1,1
"139",3,39,5,31,1,8573569,8576091,2522,1,1,1
"140",3,19,3,32,1,8588102,8590365,2263,1,1,1
"141",3,43,3,33,1,8599842,8602140,2298,0,0,1
"142",3,5,1,34,1,8609594,8611929,2335,0,0,1
"143",3,28,6,35,1,8634958,8637301,2343,0,0,1
"144",3,48,2,36,1,8642090,8644497,2407,0,0,1
"145",3,22,6,37,1,8651120,8653048,1928,1,1,1
"146",3,33,5,38,1,8672081,8674380,2299,0,0,1
"147",3,54,2,39,1,8685673,8688601,2928,1,1,1
"148",3,13,3,40,1,8696852,8698684,1832,1,1,1
"149",3,32,4,41,1,8716416,8718352,1936,1,1,1
"150",3,14,4,42,1,8725332,8727160,1828,1,1,1
"151",3,18,2,43,1,8775675,8777917,2242,0,1,0
"152",3,38,4,44,1,8813018,8815189,2171,0,0,1
"153",3,34,6,45,1,8850212,8852848,2636,1,1,1
"154",3,49,3,46,1,8860518,8862110,1592,0,0,1
"155",3,50,4,47,1,8919304,8921162,1858,1,1,1
"156",3,30,2,48,1,8939840,8941655,1815,1,1,1
"157",3,37,3,49,1,8948958,8950924,1966,1,1,1
"158",3,36,2,50,1,8957306,8959556,2250,1,1,1
"159",3,35,1,51,1,8965770,8968345,2575,0,0,1
"160",3,40,6,52,1,8984942,8987486,2544,0,0,1
"161",3,27,5,53,1,9000890,9003012,2122,0,0,1
"162",3,15,5,54,1,9037309,9039352,2043,1,1,1
"163",4,24,3,1,1,3543914,3546622,2708,0,0,1
"164",4,48,3,2,1,3569583,3572342,2759,0,0,1
"165",4,32,5,3,1,3587854,3591013,3159,1,1,1
"166",4,40,1,4,1,3609764,3612504,2740,0,0,1
"167",4,10,1,5,1,3620875,3624140,3265,0,0,1
"168",4,31,4,6,1,3632061,3634869,2808,0,0,1
"169",4,50,5,7,1,3651501,3654067,2566,1,1,1
"170",4,9,6,8,1,3676110,3679705,3595,1,1,1
"171",4,38,5,9,1,3754330,3756704,2374,0,0,1
"172",4,35,2,10,1,3763233,3766405,3172,0,0,1
"173",4,21,6,11,1,3773282,3776092,2810,1,1,1
"174",4,18,3,12,1,3790899,3793383,2484,0,0,1
"175",4,16,1,13,1,3806169,3808910,2741,0,0,1
"176",4,36,3,14,1,3823134,3826211,3077,1,1,1
"177",4,14,5,15,1,3876537,3879599,3062,1,1,1
"178",4,54,3,16,1,3893032,3900013,6981,1,1,1
"179",4,15,6,17,1,3920718,3923510,2792,1,1,1
"180",4,5,2,18,1,3929465,3932461,2996,0,0,1
"181",4,37,4,19,1,3940228,3943181,2953,1,1,1
"182",4,33,6,20,1,3950548,3953784,3236,0,0,1
"183",4,42,3,21,1,3960836,3964401,3565,1,1,1
"184",4,19,4,22,1,4013013,4015883,2870,1,0,0
"185",4,51,6,23,1,4031455,4034028,2573,0,0,1
"186",4,25,4,24,1,4049334,4051910,2576,0,0,1
"187",4,22,1,25,1,4058746,4061397,2651,1,1,1
"188",4,4,1,26,1,4085098,4087695,2597,0,0,1
"189",4,49,4,27,1,4096232,4098865,2633,0,0,1
"190",4,12,3,28,1,4141720,4144820,3100,0,0,1
"191",4,45,6,29,1,4183346,4186165,2819,1,1,1
"192",4,43,4,30,1,4193138,4195674,2536,0,0,1
"193",4,34,1,31,1,4204789,4208070,3281,1,1,1
"194",4,2,5,32,1,4249456,4252613,3157,1,1,1
"195",4,39,6,33,1,4265759,4268628,2869,1,1,1
"196",4,53,2,34,1,4276479,4278966,2487,0,0,1
"197",4,46,1,35,1,4285023,4288084,3061,0,0,1
"198",4,20,5,36,1,4349515,4352358,2843,1,1,1
"199",4,41,2,37,1,4360120,4363146,3026,0,0,1
"200",4,28,1,38,1,4377144,4379989,2845,0,0,1
"201",4,29,2,39,1,4393344,4396080,2736,1,1,1
"202",4,30,3,40,1,4414408,4416972,2564,1,1,1
"203",4,11,2,41,1,4438993,4441939,2946,0,1,0
"204",4,1,4,42,1,4480970,4483856,2886,0,0,1
"205",4,13,4,43,1,4496883,4499642,2759,1,1,1
"206",4,52,1,44,1,4530387,4533371,2984,1,1,1
"207",4,8,5,45,1,4582541,4585497,2956,0,0,1
"208",4,7,4,46,1,4606270,4609496,3226,1,1,1
"209",4,17,2,47,1,4616946,4619733,2787,1,1,1
"210",4,23,2,48,1,4626560,4629169,2609,0,0,1
"211",4,6,3,49,1,4637808,4640699,2891,0,0,1
"212",4,44,5,50,1,4660172,4663083,2911,1,1,1
"213",4,3,6,51,1,4690363,4693112,2749,1,1,1
"214",4,47,2,52,1,4699871,4702523,2652,1,1,1
"215",4,26,5,53,1,4709054,4711761,2707,1,1,1
"216",4,27,6,54,1,4719151,4721756,2605,0,0,1
"217",5,10,2,1,1,6058100,6061144,3044,0,0,1
"218",5,22,2,2,1,6090681,6093305,2624,1,1,1
"219",5,7,5,3,1,6100249,6104405,4156,1,1,1
"220",5,53,3,4,1,6119573,6122066,2493,0,0,1
"221",5,28,2,5,1,6136985,6139447,2462,0,0,1
"222",5,44,6,6,1,6156837,6159459,2622,1,1,1
"223",5,41,3,7,1,6169501,6171873,2372,0,0,1
"224",5,33,1,8,1,6207790,6210392,2602,0,0,1
"225",5,8,6,9,1,6273133,6275762,2629,0,0,1
"226",5,36,4,10,1,6289300,6291991,2691,1,1,1
"227",5,25,5,11,1,6343632,6346929,3297,0,0,1
"228",5,16,2,12,1,6355130,6357512,2382,0,0,1
"229",5,27,1,13,1,6368173,6370721,2548,0,0,1
"230",5,43,5,14,1,6377883,6380585,2702,0,0,1
"231",5,47,3,15,1,6401901,6404276,2375,1,1,1
"232",5,15,1,16,1,6455502,6458443,2941,1,1,1
"233",5,4,2,17,1,6478158,6480393,2235,0,0,1
"234",5,24,4,18,1,6493582,6496068,2486,0,0,1
"235",5,26,6,19,1,6524260,6528545,4285,1,0,0
"236",5,38,6,20,1,6536561,6538746,2185,0,0,1
"237",5,29,3,21,1,6554479,6557118,2639,1,1,1
"238",5,11,3,22,1,6589823,6591946,2123,0,0,1
"239",5,18,4,23,1,6618565,6621004,2439,0,0,1
"240",5,12,4,24,1,6650654,6653032,2378,0,0,1
"241",5,50,6,25,1,6659643,6662820,3177,1,1,1
"242",5,17,3,26,1,6736934,6745422,8488,1,1,1
"243",5,13,5,27,1,6768758,6771087,2329,1,1,1
"244",5,39,1,28,1,6791325,6793964,2639,1,1,1
"245",5,21,1,29,1,6801691,6804168,2477,1,1,1
"246",5,5,3,30,1,6813145,6815877,2732,0,0,1
"247",5,3,1,31,1,6865791,6868430,2639,1,1,1
"248",5,37,5,32,1,6883995,6886873,2878,1,1,1
"249",5,6,4,33,1,6902432,6904893,2461,0,0,1
"250",5,45,1,34,1,6912700,6917687,4987,1,1,1
"251",5,49,5,35,1,6926699,6928988,2289,0,0,1
"252",5,1,5,36,1,6966829,6969821,2992,0,0,1
"253",5,31,5,37,1,6993701,6995991,2290,0,0,1
"254",5,14,6,38,1,7056523,7059846,3323,1,1,1
"255",5,30,4,39,1,7072748,7074805,2057,1,1,1
"256",5,48,4,40,1,7081338,7084364,3026,0,0,1
"257",5,54,4,41,1,7097727,7100512,2785,1,1,1
"258",5,23,3,42,1,7127118,7129786,2668,0,0,1
"259",5,9,1,43,1,7153996,7157145,3149,1,1,1
"260",5,42,4,44,1,7165170,7170621,5451,1,0,0
"261",5,20,6,45,1,7183578,7189101,5523,1,1,1
"262",5,35,3,46,1,7203421,7206912,3491,0,0,1
"263",5,19,5,47,1,7217804,7221868,4064,1,1,1
"264",5,2,6,48,1,7229247,7233366,4119,1,1,1
"265",5,46,2,49,1,7273583,7276002,2419,0,0,1
"266",5,52,2,50,1,7291926,7294568,2642,1,1,1
"267",5,51,1,51,1,7301797,7304410,2613,0,0,1
"268",5,34,2,52,1,7317154,7320146,2992,1,1,1
"269",5,32,6,53,1,7381537,7384234,2697,1,1,1
"270",5,40,2,54,1,7405034,7408245,3211,0,0,1
"271",6,46,3,1,1,8241848,8246037,4189,0,0,1
"272",6,17,4,2,1,8269472,8272197,2725,1,1,1
"273",6,34,3,3,1,8330136,8332953,2817,1,1,1
"274",6,31,6,4,1,8355331,8362649,7318,0,0,1
"275",6,45,2,5,1,8377198,8379742,2544,1,1,1
"276",6,49,6,6,1,8386310,8388584,2274,0,0,1
"277",6,29,4,7,1,8418173,8420992,2819,1,1,1
"278",6,15,2,8,1,8441879,8444350,2471,1,1,1
"279",6,30,5,9,1,8452259,8454453,2194,1,1,1
"280",6,51,2,10,1,8472602,8475288,2686,0,0,1
"281",6,47,4,11,1,8510413,8512679,2266,1,1,1
"282",6,21,2,12,1,8519932,8522222,2290,1,1,1
"283",6,9,2,13,1,8535185,8538089,2904,1,1,1
"284",6,24,5,14,1,8545685,8549126,3441,0,0,1
"285",6,12,5,15,1,8561918,8564279,2361,0,0,1
"286",6,4,3,16,1,8570826,8573604,2778,0,0,1
"287",6,41,4,17,1,8592943,8595341,2398,0,0,1
"288",6,38,1,18,1,8601147,8603751,2604,0,0,1
"289",6,11,4,19,1,8610960,8615629,4669,0,1,0
"290",6,8,1,20,1,8633852,8636472,2620,0,0,1
"291",6,43,6,21,1,8656605,8660277,3672,0,0,1
"292",6,2,1,22,1,8666671,8668974,2303,1,1,1
"293",6,33,2,23,1,8675521,8677844,2323,0,0,1
"294",6,40,3,24,1,8685296,8688953,3657,0,0,1
"295",6,10,3,25,1,8701599,8704115,2516,0,0,1
"296",6,54,5,26,1,8717661,8721021,3360,1,1,1
"297",6,13,6,27,1,8727900,8730313,2413,1,1,1
"298",6,53,4,28,1,8738279,8740388,2109,0,0,1
"299",6,26,1,29,1,9007340,9011990,4650,1,1,1
"300",6,27,2,30,1,9024455,9026569,2114,0,0,1
"301",6,52,3,31,1,9063838,9066555,2717,1,1,1
"302",6,35,4,32,1,9116492,9119035,2543,0,0,1
"303",6,28,3,33,1,9142014,9144619,2605,0,0,1
"304",6,16,3,34,1,9157527,9159742,2215,0,0,1
"305",6,42,5,35,1,9166585,9169178,2593,1,1,1
"306",6,18,5,36,1,9201872,9204131,2259,0,0,1
"307",6,23,4,37,1,9237743,9240359,2616,0,0,1
"308",6,50,1,38,1,9247127,9249554,2427,1,1,1
"309",6,7,6,39,1,9269576,9275758,6182,1,1,1
"310",6,44,1,40,1,9281551,9284308,2757,1,1,1
"311",6,20,1,41,1,9298228,9303754,5526,1,1,1
"312",6,6,5,42,1,9337378,9340294,2916,0,0,1
"313",6,3,2,43,1,9357901,9360515,2614,1,1,1
"314",6,36,5,44,1,9391842,9394589,2747,1,1,1
"315",6,32,1,45,1,9408768,9411281,2513,1,1,1
"316",6,1,6,46,1,9417987,9420559,2572,0,0,1
"317",6,22,3,47,1,9450991,9453992,3001,1,1,1
"318",6,48,5,48,1,9459936,9462596,2660,0,0,1
"319",6,39,2,49,1,9468978,9471465,2487,1,1,1
"320",6,14,1,50,1,9482870,9486221,3351,1,1,1
"321",6,19,6,51,1,9493105,9496616,3511,1,1,1
"322",6,25,6,52,1,9517358,9519574,2216,0,0,1
"323",6,5,4,53,1,9535037,9537669,2632,0,0,1
"324",6,37,6,54,1,9544618,9547178,2560,1,1,1
"325",7,10,4,1,1,10077924,10084200,6276,0,0,1
"326",7,27,3,2,1,10099297,10102142,2845,0,0,1
"327",7,30,6,3,1,10115818,10118443,2625,1,1,1
"328",7,7,1,4,1,10130820,10136861,6041,1,1,1
"329",7,49,1,5,1,10188870,10192337,3467,0,0,1
"330",7,46,4,6,1,10263912,10266495,2583,0,0,1
"331",7,42,6,7,1,10273772,10278677,4905,1,1,1
"332",7,37,1,8,1,10296665,10300542,3877,1,1,1
"333",7,22,4,9,1,10311463,10314257,2794,1,1,1
"334",7,28,4,10,1,10321851,10326364,4513,0,0,1
"335",7,5,5,11,1,10367828,10371409,3581,0,0,1
"336",7,17,5,12,1,10378654,10381179,2525,1,1,1
"337",7,43,1,13,1,10402996,10406455,3459,0,0,1
"338",7,39,3,14,1,10413440,10416198,2758,1,1,1
"339",7,29,5,15,1,10424691,10428993,4302,1,0,0
"340",7,48,6,16,1,10483179,10487306,4127,0,0,1
"341",7,36,6,17,1,10495822,10500248,4426,1,1,1
"342",7,21,3,18,1,10585502,10590740,5238,1,1,1
"343",7,12,6,19,1,10599378,10602391,3013,0,0,1
"344",7,50,2,20,1,10609238,10611779,2541,1,1,1
"345",7,34,4,21,1,10631962,10636164,4202,1,1,1
"346",7,45,3,22,1,10642988,10645467,2479,1,1,1
"347",7,2,2,23,1,10686725,10692223,5498,1,1,1
"348",7,53,5,24,1,10716716,10720233,3517,0,0,1
"349",7,18,6,25,1,10731082,10733736,2654,0,0,1
"350",7,20,2,26,1,10760327,10765010,4683,1,1,1
"351",7,44,2,27,1,10771646,10778778,7132,1,1,1
"352",7,6,6,28,1,10785993,10791087,5094,0,0,1
"353",7,51,3,29,1,10815193,10818172,2979,0,0,1
"354",7,25,1,30,1,10825248,10827695,2447,0,0,1
"355",7,31,1,31,1,10834136,10836890,2754,0,0,1
"356",7,26,2,32,1,10850815,10854303,3488,1,1,1
"357",7,35,5,33,1,10865811,10869564,3753,0,0,1
"358",7,40,4,34,1,10876405,10880707,4302,0,1,0
"359",7,24,6,35,1,10898803,10902572,3769,0,1,0
"360",7,13,1,36,1,10910152,10912983,2831,1,1,1
"361",7,16,4,37,1,10971777,10974353,2576,0,0,1
"362",7,9,3,38,1,11001244,11004615,3371,1,1,1
"363",7,4,4,39,1,11014425,11016891,2466,0,0,1
"364",7,8,2,40,1,11025754,11028033,2279,0,0,1
"365",7,11,5,41,1,11033580,11036537,2957,0,1,0
"366",7,54,6,42,1,11043129,11047832,4703,1,1,1
"367",7,41,5,43,1,11053987,11057124,3137,0,0,1
"368",7,33,3,44,1,11087605,11091571,3966,0,0,1
"369",7,1,1,45,1,11097616,11100833,3217,0,0,1
"370",7,19,1,46,1,11105857,11109523,3666,1,1,1
"371",7,32,2,47,1,11116386,11119574,3188,1,1,1
"372",7,15,3,48,1,11137870,11141013,3143,1,1,1
"373",7,52,4,49,1,11156133,11160959,4826,1,1,1
"374",7,23,5,50,1,11173481,11176025,2544,0,0,1
"375",7,3,3,51,1,11198607,11202435,3828,1,1,1
"376",7,14,2,52,1,11208080,11211421,3341,1,1,1
"377",7,47,5,53,1,11217382,11220729,3347,1,1,1
"378",7,38,2,54,1,11260423,11263213,2790,0,0,1
"379",8,39,4,1,1,2990759,2993021,2262,1,1,1
"380",8,23,6,2,1,2998799,3001239,2440,0,0,1
"381",8,9,4,3,1,3021995,3024412,2417,1,1,1
"382",8,19,2,4,1,3031389,3035141,3752,1,1,1
"383",8,45,4,5,1,3065536,3067593,2057,1,1,1
"384",8,4,5,6,1,3073845,3075950,2105,0,0,1
"385",8,7,2,7,1,3081688,3084975,3287,1,1,1
"386",8,27,4,8,1,3091273,3093516,2243,0,0,1
"387",8,3,4,9,1,3100667,3103119,2452,1,1,1
"388",8,13,2,10,1,3109934,3112163,2229,1,1,1
"389",8,34,5,11,1,3118769,3123792,5023,1,1,1
"390",8,35,6,12,1,3135509,3138288,2779,0,0,1
"391",8,44,3,13,1,3144178,3147197,3019,1,1,1
"392",8,38,3,14,1,3152650,3154994,2344,0,0,1
"393",8,48,1,15,1,3161452,3164637,3185,0,0,1
"394",8,12,1,16,1,3198307,3201237,2930,0,0,1
"395",8,32,3,17,1,3212997,3216058,3061,1,1,1
"396",8,8,3,18,1,3250322,3253444,3122,0,0,1
"397",8,46,5,19,1,3260415,3263808,3393,0,0,1
"398",8,53,6,20,1,3288495,3291064,2569,0,0,1
"399",8,40,5,21,1,3308806,3312516,3710,0,0,1
"400",8,36,1,22,1,3345638,3349149,3511,1,1,1
"401",8,31,2,23,1,3411617,3413925,2308,0,0,1
"402",8,49,2,24,1,3419593,3421609,2016,0,0,1
"403",8,2,3,25,1,3496690,3500479,3789,1,1,1
"404",8,15,4,26,1,3531291,3533940,2649,1,1,1
"405",8,21,4,27,1,3546579,3549848,3269,1,1,1
"406",8,24,1,28,1,3561572,3565582,4010,0,0,1
"407",8,25,2,29,1,3577880,3580138,2258,0,0,1
"408",8,43,2,30,1,3603184,3606087,2903,0,0,1
"409",8,30,1,31,1,3611785,3614072,2287,1,1,1
"410",8,16,5,32,1,3620091,3622775,2684,0,0,1
"411",8,47,6,33,1,3628659,3631265,2606,1,1,1
"412",8,28,5,34,1,3637420,3639815,2395,0,0,1
"413",8,1,2,35,1,3657017,3660000,2983,0,0,1
"414",8,51,4,36,1,3676267,3678547,2280,0,0,1
"415",8,26,3,37,1,3684068,3687064,2996,1,1,1
"416",8,29,6,38,1,3698728,3701585,2857,1,1,1
"417",8,50,3,39,1,3707017,3710237,3220,1,1,1
"418",8,18,1,40,1,3720519,3722851,2332,0,0,1
"419",8,41,6,41,1,3739389,3741798,2409,0,0,1
"420",8,10,5,42,1,3748231,3750600,2369,0,0,1
"421",8,52,5,43,1,3756389,3759032,2643,1,1,1
"422",8,37,2,44,1,3781594,3784569,2975,1,1,1
"423",8,17,6,45,1,3813453,3816283,2830,1,1,1
"424",8,42,1,46,1,3822471,3825194,2723,1,1,1
"425",8,11,6,47,1,3840918,3844126,3208,0,0,1
"426",8,54,1,48,1,3849561,3852176,2615,1,1,1
"427",8,5,6,49,1,3857654,3860115,2461,0,0,1
"428",8,14,3,50,1,3871905,3874661,2756,1,1,1
"429",8,20,3,51,1,3880236,3883498,3262,1,1,1
"430",8,33,4,52,1,3889193,3891763,2570,0,0,1
"431",8,22,5,53,1,3922817,3927368,4551,1,1,1
"432",8,6,1,54,1,3947344,3950806,3462,0,0,1
"433",9,7,3,1,1,5710319,5713490,3171,1,1,1
"434",9,53,1,2,1,5748292,5751184,2892,0,0,1
"435",9,18,2,3,1,5757415,5759618,2203,0,0,1
"436",9,46,6,4,1,5798558,5803390,4832,0,0,1
"437",9,32,4,5,1,5811216,5814227,3011,1,1,1
"438",9,11,1,6,1,5872542,5875017,2475,0,0,1
"439",9,37,3,7,1,5883267,5885673,2406,1,1,1
"440",9,35,1,8,1,5900109,5903485,3376,0,0,1
"441",9,6,2,9,1,5922850,5925505,2655,0,0,1
"442",9,44,4,10,1,5957332,5960091,2759,1,1,1
"443",9,54,2,11,1,5974915,5978677,3762,1,1,1
"444",9,34,6,12,1,5987043,5991534,4491,1,1,1
"445",9,21,5,13,1,6086592,6089696,3104,1,1,1
"446",9,40,6,14,1,6096209,6100059,3850,0,0,1
"447",9,17,1,15,1,6112903,6115680,2777,1,1,1
"448",9,25,3,16,1,6128260,6130900,2640,0,0,1
"449",9,16,6,17,1,6151646,6154952,3306,0,0,1
"450",9,5,1,18,1,6161838,6165148,3310,0,0,1
"451",9,43,3,19,1,6181851,6185727,3876,0,0,1
"452",9,19,3,20,1,6191341,6195390,4049,1,1,1
"453",9,10,6,21,1,6214708,6217950,3242,0,0,1
"454",9,30,2,22,1,6263482,6266451,2969,1,1,1
"455",9,49,3,23,1,6272645,6274847,2202,0,0,1
"456",9,26,4,24,1,6281487,6283677,2190,1,1,1
"457",9,13,3,25,1,6296053,6299206,3153,1,1,1
"458",9,2,4,26,1,6306208,6308901,2693,1,1,1
"459",9,29,1,27,1,6315309,6317345,2036,1,1,1
"460",9,3,5,28,1,6331658,6333952,2294,1,1,1
"461",9,36,2,29,1,6372880,6375230,2350,1,1,1
"462",9,23,1,30,1,6380444,6383009,2565,0,0,1
"463",9,1,3,31,1,6409331,6412298,2967,0,0,1
"464",9,48,2,32,1,6430250,6433722,3472,0,0,1
"465",9,12,2,33,1,6445776,6448977,3201,0,1,0
"466",9,38,4,34,1,6485795,6488463,2668,0,0,1
"467",9,22,6,35,1,6501089,6503869,2780,1,1,1
"468",9,41,1,36,1,6510214,6512761,2547,0,0,1
"469",9,50,4,37,1,6521380,6527921,6541,1,1,1
"470",9,28,6,38,1,6545985,6550839,4854,0,0,1
"471",9,31,3,39,1,6564017,6569238,5221,0,0,1
"472",9,14,4,40,1,6591410,6595655,4245,1,1,1
"473",9,20,4,41,1,6607384,6610330,2946,1,1,1
"474",9,8,4,42,1,6628239,6630731,2492,0,0,1
"475",9,51,5,43,1,6642524,6644885,2361,0,0,1
"476",9,52,6,44,1,6678606,6680970,2364,1,1,1
"477",9,4,6,45,1,6689783,6691667,1884,0,0,1
"478",9,45,5,46,1,6698260,6700843,2583,1,1,1
"479",9,39,5,47,1,6715720,6718597,2877,1,1,1
"480",9,24,2,48,1,6761840,6767225,5385,0,0,1
"481",9,9,5,49,1,6780273,6783392,3119,1,1,1
"482",9,33,5,50,1,6800626,6804473,3847,0,0,1
"483",9,15,5,51,1,6829801,6833334,3533,1,1,1
"484",9,42,2,52,1,6841477,6843897,2420,1,1,1
"485",9,27,5,53,1,6852623,6854808,2185,0,0,1
"486",9,47,1,54,1,6860387,6863243,2856,1,1,1
"487",10,11,2,1,1,8034269,8037849,3580,0,0,1
"488",10,53,2,2,1,8054216,8056550,2334,0,0,1
"489",10,5,2,3,1,8087000,8089977,2977,0,0,1
"490",10,14,5,4,1,8098477,8102313,3836,1,0,0
"491",10,20,5,5,1,8110856,8115080,4224,1,0,0
"492",10,16,1,6,1,8164176,8166468,2292,0,0,1
"493",10,49,4,7,1,8192056,8193938,1882,0,0,1
"494",10,17,2,8,1,8204330,8207488,3158,1,1,1
"495",10,1,4,9,1,8264007,8265853,1846,0,0,1
"496",10,8,5,10,1,8272085,8274729,2644,0,0,1
"497",10,7,4,11,1,8280843,8283572,2729,1,1,1
"498",10,41,2,12,1,8307256,8309642,2386,0,0,1
"499",10,29,2,13,1,8318730,8322645,3915,1,1,1
"500",10,33,6,14,1,8331382,8333701,2319,0,0,1
"501",10,15,6,15,1,8363139,8365541,2402,1,1,1
"502",10,35,2,16,1,8378550,8381495,2945,0,1,0
"503",10,25,4,17,1,8393151,8395005,1854,0,0,1
"504",10,44,5,18,1,8411352,8413590,2238,1,1,1
"505",10,3,6,19,1,8439239,8442039,2800,1,1,1
"506",10,31,4,20,1,8467968,8470297,2329,0,0,1
"507",10,28,1,21,1,8476649,8478959,2310,0,0,1
"508",10,12,3,22,1,8485528,8488988,3460,0,0,1
"509",10,39,6,23,1,8502788,8505809,3021,1,1,1
"510",10,47,2,24,1,8511482,8516006,4524,1,1,1
"511",10,46,1,25,1,8535726,8539097,3371,0,0,1
"512",10,26,5,26,1,8550041,8553692,3651,1,1,1
"513",10,36,3,27,1,8563231,8566573,3342,1,1,1
"514",10,23,2,28,1,8722709,8724855,2146,0,0,1
"515",10,21,6,29,1,8745751,8749199,3448,1,1,1
"516",10,22,1,30,1,8755821,8761350,5529,1,1,1
"517",10,30,3,31,1,8783508,8785679,2171,1,1,1
"518",10,19,4,32,1,8797833,8801960,4127,1,1,1
"519",10,48,3,33,1,8822967,8826371,3404,0,0,1
"520",10,54,3,34,1,8833573,8836187,2614,1,1,1
"521",10,18,3,35,1,8862310,8864736,2426,0,0,1
"522",10,38,5,36,1,8872489,8874561,2072,0,0,1
"523",10,4,1,37,1,8885432,8888283,2851,0,0,1
"524",10,6,3,38,1,8895813,8899397,3584,0,0,1
"525",10,27,6,39,1,8921616,8923843,2227,0,0,1
"526",10,13,4,40,1,8935066,8936896,1830,1,1,1
"527",10,37,4,41,1,8954006,8956915,2909,1,0,0
"528",10,10,1,42,1,9000141,9002520,2379,0,0,1
"529",10,24,3,43,1,9032372,9035728,3356,0,0,1
"530",10,43,4,44,1,9041674,9044530,2856,0,0,1
"531",10,45,6,45,1,9052949,9055266,2317,1,1,1
"532",10,52,1,46,1,9100862,9104596,3734,1,1,1
"533",10,2,5,47,1,9111267,9115564,4297,1,1,1
"534",10,9,6,48,1,9128518,9132765,4247,1,1,1
"535",10,32,5,49,1,9139986,9142560,2574,1,1,1
"536",10,40,1,50,1,9167607,9170090,2483,0,0,1
"537",10,42,3,51,1,9205783,9209855,4072,1,1,1
"538",10,50,5,52,1,9218478,9221191,2713,1,1,1
"539",10,34,1,53,1,9239182,9242143,2961,1,1,1
"540",10,51,6,54,1,9263811,9266756,2945,0,0,1
"541",11,54,4,1,1,17554850,17559005,4155,1,1,1
"542",11,48,4,2,1,17589763,17592734,2971,0,0,1
"543",11,45,1,3,1,17611232,17613908,2676,1,1,1
"544",11,27,1,4,1,17640914,17644060,3146,0,0,1
"545",11,21,1,5,1,17652928,17655269,2341,1,1,1
"546",11,34,2,6,1,17664022,17669206,5184,1,1,1
"547",11,1,5,7,1,17686338,17688738,2400,0,0,1
"548",11,14,6,8,1,17705490,17708043,2553,1,1,1
"549",11,49,5,9,1,17771607,17774465,2858,0,0,1
"550",11,40,2,10,1,17804434,17807134,2700,0,0,1
"551",11,36,4,11,1,17814056,17816858,2802,1,1,1
"552",11,46,2,12,1,17824707,17827339,2632,0,0,1
"553",11,25,5,13,1,17921632,17924278,2646,0,0,1
"554",11,31,5,14,1,17947970,17950968,2998,0,0,1
"555",11,26,6,15,1,17959276,17962209,2933,1,1,1
"556",11,50,6,16,1,17969361,17972067,2706,1,1,1
"557",11,30,4,17,1,17985227,17987640,2413,1,1,1
"558",11,13,5,18,1,17994934,17997258,2324,1,1,1
"559",11,47,3,19,1,18027959,18030284,2325,1,1,1
"560",11,11,3,20,1,18037963,18040760,2797,0,0,1
"561",11,53,3,21,1,18049871,18052536,2665,0,0,1
"562",11,37,5,22,1,18060867,18063731,2864,1,1,1
"563",11,10,2,23,1,18071545,18074309,2764,0,0,1
"564",11,15,1,24,1,18089137,18091521,2384,1,1,1
"565",11,17,3,25,1,18187180,18189591,2411,1,1,1
"566",11,4,2,26,1,18203309,18205559,2250,0,0,1
"567",11,39,1,27,1,18212819,18215342,2523,1,1,1
"568",11,7,5,28,1,18223295,18226513,3218,1,1,1
"569",11,38,6,29,1,18261730,18263711,1981,0,0,1
"570",11,3,1,30,1,18278465,18282097,3632,1,1,1
"571",11,9,1,31,1,18298592,18301810,3218,1,1,1
"572",11,22,2,32,1,18332883,18335799,2916,1,1,1
"573",11,8,6,33,1,18360870,18363581,2711,0,0,1
"574",11,5,3,34,1,18389501,18393031,3530,0,0,1
"575",11,16,2,35,1,18400531,18402907,2376,0,0,1
"576",11,2,6,36,1,18410567,18414597,4030,1,1,1
"577",11,32,6,37,1,18433730,18436367,2637,1,1,1
"578",11,6,4,38,1,18464234,18467442,3208,0,0,1
"579",11,43,5,39,1,18474856,18477172,2316,0,0,1
"580",11,19,5,40,1,18493917,18498091,4174,1,1,1
"581",11,42,4,41,1,18564020,18567652,3632,1,0,0
"582",11,44,6,42,1,18582374,18584939,2565,1,1,1
"583",11,20,6,43,1,18593355,18595890,2535,1,1,1
"584",11,52,2,44,1,18602445,18604998,2553,1,1,1
"585",11,41,3,45,1,18622692,18627211,4519,0,1,0
"586",11,23,3,46,1,18644265,18646356,2091,0,0,1
"587",11,28,2,47,1,18656025,18658053,2028,0,0,1
"588",11,12,4,48,1,18665458,18667882,2424,0,0,1
"589",11,29,3,49,1,18702559,18705308,2749,1,1,1
"590",11,24,4,50,1,18721072,18724121,3049,0,0,1
"591",11,18,4,51,1,18744971,18750138,5167,0,1,0
"592",11,35,3,52,1,18765755,18769191,3436,0,0,1
"593",11,33,1,53,1,18775889,18779287,3398,0,0,1
"594",11,51,1,54,1,18786670,18788952,2282,0,0,1
"595",12,7,6,1,1,19849964,19853423,3459,1,1,1
"596",12,35,4,2,1,19873175,19876318,3143,0,0,1
"597",12,5,4,3,1,19882920,19885411,2491,0,0,1
"598",12,50,1,4,1,19892711,19894978,2267,1,1,1
"599",12,25,6,5,1,19938243,19940907,2664,0,0,1
"600",12,47,4,6,1,19973054,19975492,2438,1,1,1
"601",12,26,1,7,1,19987234,19990183,2949,1,1,1
"602",12,30,5,8,1,20002779,20004962,2183,1,1,1
"603",12,16,3,9,1,20011662,20016030,4368,0,0,1
"604",12,33,2,10,1,20040648,20043395,2747,0,0,1
"605",12,18,5,11,1,20048569,20050577,2008,0,0,1
"606",12,39,2,12,1,20075361,20078060,2699,1,1,1
"607",12,36,5,13,1,20084155,20086644,2489,1,1,1
"608",12,21,2,14,1,20110858,20113842,2984,1,1,1
"609",12,6,5,15,1,20126399,20129836,3437,0,0,1
"610",12,32,1,16,1,20151968,20154393,2425,1,1,1
"611",12,22,3,17,1,20173011,20175664,2653,1,1,1
"612",12,9,2,18,1,20215724,20219348,3624,1,1,1
"613",12,8,1,19,1,20260917,20264793,3876,0,0,1
"614",12,24,5,20,1,20282957,20285632,2675,0,0,1
"615",12,14,1,21,1,20346644,20350288,3644,1,1,1
"616",12,38,1,22,1,20362682,20364714,2032,0,0,1
"617",12,41,4,23,1,20370960,20373019,2059,0,0,1
"618",12,48,5,24,1,20383163,20385899,2736,0,0,1
"619",12,15,2,25,1,20402110,20404248,2138,1,1,1
"620",12,51,2,26,1,20409806,20411837,2031,0,0,1
"621",12,45,2,27,1,20423019,20425292,2273,1,1,1
"622",12,4,3,28,1,20436935,20438920,1985,0,0,1
"623",12,37,6,29,1,20445418,20448437,3019,1,1,1
"624",12,53,4,30,1,20454504,20456420,1916,0,0,1
"625",12,11,4,31,1,20462313,20464384,2071,0,0,1
"626",12,43,6,32,1,20469259,20472334,3075,0,0,1
"627",12,23,4,33,1,20482873,20484865,1992,0,0,1
"628",12,3,2,34,1,20498074,20501192,3118,1,1,1
"629",12,13,6,35,1,20522066,20524283,2217,1,1,1
"630",12,52,3,36,1,20531214,20533313,2099,1,1,1
"631",12,49,6,37,1,20539858,20541444,1586,0,0,1
"632",12,44,1,38,1,20570313,20572411,2098,1,1,1
"633",12,19,6,39,1,20584100,20586606,2506,1,1,1
"634",12,42,5,40,1,20607451,20610072,2621,1,1,1
"635",12,31,6,41,1,20622615,20626811,4196,0,0,1
"636",12,12,5,42,1,20633300,20635668,2368,0,0,1
"637",12,34,3,43,1,20646950,20649623,2673,1,1,1
"638",12,17,4,44,1,20662067,20663945,1878,1,1,1
"639",12,54,5,45,1,20669337,20672834,3497,1,1,1
"640",12,28,3,46,1,20684812,20686922,2110,0,0,1
"641",12,40,3,47,1,20698820,20701370,2550,0,0,1
"642",12,2,1,48,1,20725747,20728400,2653,1,1,1
"643",12,46,3,49,1,20747517,20751298,3781,0,0,1
"644",12,29,4,50,1,20757203,20759382,2179,1,1,1
"645",12,1,6,51,1,20764950,20768467,3517,0,0,1
"646",12,20,1,52,1,20778783,20781314,2531,1,1,1
"647",12,10,3,53,1,20806276,20809163,2887,0,0,1
"648",12,27,2,54,1,20832043,20834674,2631,0,0,1
"649",13,24,6,1,1,22321579,22327443,5864,0,0,1
"650",13,5,5,2,1,22347395,22350423,3028,0,0,1
"651",13,40,4,3,1,22370153,22373507,3354,0,0,1
"652",13,46,4,4,1,22386439,22390354,3915,0,0,1
"653",13,21,3,5,1,22397019,22400089,3070,1,1,1
"654",13,6,6,6,1,22413019,22415769,2750,0,0,1
"655",13,11,5,7,1,22421646,22425980,4334,0,0,1
"656",13,16,4,8,1,22445082,22447993,2911,0,0,1
"657",13,36,6,9,1,22454219,22458001,3782,1,1,1
"658",13,45,3,10,1,22464221,22467292,3071,1,1,1
"659",13,42,6,11,1,22480140,22487718,7578,1,0,0
"660",13,8,2,12,1,22494136,22497128,2992,0,0,1
"661",13,4,4,13,1,22509918,22513041,3123,0,0,1
"662",13,32,2,14,1,22519399,22522912,3513,1,1,1
"663",13,53,5,15,1,22575724,22578603,2879,0,0,1
"664",13,13,1,16,1,22598369,22601494,3125,1,1,1
"665",13,20,2,17,1,22620011,22624612,4601,1,1,1
"666",13,41,5,18,1,22655946,22659615,3669,0,0,1
"667",13,18,6,19,1,22665481,22668523,3042,0,0,1
"668",13,23,5,20,1,22679743,22682452,2709,0,0,1
"669",13,51,3,21,1,22706158,22708981,2823,0,0,1
"670",13,19,1,22,1,22715600,22720539,4939,1,1,1
"671",13,15,3,23,1,22737396,22740643,3247,1,1,1
"672",13,31,1,24,1,22906667,22915438,8771,0,0,1
"673",13,27,3,25,1,22923549,22926374,2825,0,0,1
"674",13,52,4,26,1,22943470,22947093,3623,1,1,1
"675",13,39,3,27,1,22953476,22957425,3949,1,1,1
"676",13,26,2,28,1,22964287,22968887,4600,1,1,1
"677",13,34,4,29,1,22981090,22985674,4584,1,1,1
"678",13,33,3,30,1,23002749,23006014,3265,0,0,1
"679",13,2,2,31,1,23012287,23015709,3422,1,1,1
"680",13,7,1,32,1,23040259,23044224,3965,1,1,1
"681",13,43,1,33,1,23054923,23057733,2810,0,0,1
"682",13,10,4,34,1,23076035,23079886,3851,0,0,1
"683",13,28,4,35,1,23096840,23101205,4365,0,0,1
"684",13,25,1,36,1,23107547,23111181,3634,0,0,1
"685",13,49,1,37,1,23117755,23120343,2588,0,0,1
"686",13,35,5,38,1,23126522,23130327,3805,0,0,1
"687",13,54,6,39,1,23136826,23140222,3396,1,1,1
"688",13,30,6,40,1,23146022,23149214,3192,1,1,1
"689",13,29,5,41,1,23160775,23164167,3392,1,1,1
"690",13,9,3,42,1,23176677,23180655,3978,1,1,1
"691",13,14,2,43,1,23188196,23194355,6159,1,1,1
"692",13,50,2,44,1,23228453,23231688,3235,1,1,1
"693",13,22,4,45,1,23260419,23263223,2804,1,1,1
"694",13,47,5,46,1,23292241,23295000,2759,1,1,1
"695",13,37,1,47,1,23301345,23305943,4598,1,1,1
"696",13,48,6,48,1,23318087,23321955,3868,0,0,1
"697",13,44,2,49,1,23327521,23330820,3299,1,1,1
"698",13,1,1,50,1,23341693,23345046,3353,0,0,1
"699",13,12,6,51,1,23350920,23354683,3763,0,0,1
"700",13,3,3,52,1,23367305,23371965,4660,1,1,1
"701",13,38,2,53,1,23418237,23421525,3288,0,0,1
"702",13,17,5,54,1,23434470,23438652,4182,1,1,1
"703",14,26,3,1,1,24761554,24763811,2257,1,1,1
"704",14,39,4,2,1,24783057,24785231,2174,1,1,1
"705",14,34,5,3,1,24791566,24794367,2801,1,1,1
"706",14,50,3,4,1,24800405,24802577,2172,1,1,1
"707",14,1,2,5,1,24827873,24830291,2418,0,0,1
"708",14,44,3,6,1,24888502,24890663,2161,1,1,1
"709",14,14,3,7,1,24898334,24900704,2370,1,1,1
"710",14,35,6,8,1,24912276,24915101,2825,0,0,1
"711",14,25,2,9,1,24920772,24923078,2306,0,0,1
"712",14,13,2,10,1,24931282,24933839,2557,1,1,1
"713",14,53,6,11,1,24947576,24949700,2124,0,0,1
"714",14,2,3,12,1,24955073,24957584,2511,1,1,1
"715",14,49,2,13,1,24969123,24970927,1804,0,0,1
"716",14,12,1,14,1,24992113,24994390,2277,0,0,1
"717",14,52,5,15,1,25019857,25022220,2363,1,1,1
"718",14,45,4,16,1,25039756,25041839,2083,1,1,1
"719",14,36,1,17,1,25046870,25049225,2355,1,1,1
"720",14,21,4,18,1,25067313,25069742,2429,1,1,1
"721",14,30,1,19,1,25085733,25088062,2329,1,1,1
"722",14,32,3,20,1,25100327,25102783,2456,1,1,1
"723",14,28,5,21,1,25115900,25118451,2551,0,0,1
"724",14,29,6,22,1,25125248,25127834,2586,1,1,1
"725",14,24,1,23,1,25144251,25146854,2603,0,0,1
"726",14,16,5,24,1,25152873,25155124,2251,0,0,1
"727",14,11,6,25,1,25166763,25169765,3002,0,0,1
"728",14,10,5,26,1,25182927,25186586,3659,0,0,1
"729",14,40,5,27,1,25192918,25196335,3417,0,0,1
"730",14,27,4,28,1,25208383,25210492,2109,0,0,1
"731",14,23,6,29,1,25216355,25218967,2612,0,0,1
"732",14,5,6,30,1,25301842,25304297,2455,0,0,1
"733",14,43,2,31,1,25319086,25321036,1950,0,0,1
"734",14,4,5,32,1,25338373,25340162,1789,0,0,1
"735",14,42,1,33,1,25345241,25348925,3684,1,1,1
"736",14,15,4,34,1,25359637,25361788,2151,1,1,1
"737",14,6,1,35,1,25367670,25370178,2508,0,0,1
"738",14,38,3,36,1,25381445,25384381,2936,0,0,1
"739",14,8,3,37,1,25390249,25392276,2027,0,0,1
"740",14,9,4,38,1,25404886,25407930,3044,1,1,1
"741",14,17,6,39,1,25442210,25445024,2814,1,1,1
"742",14,48,1,40,1,25464052,25466942,2890,0,0,1
"743",14,20,3,41,1,25472957,25476039,3082,1,1,1
"744",14,7,2,42,1,25493782,25496444,2662,1,1,1
"745",14,33,4,43,1,25510023,25513285,3262,0,0,1
"746",14,3,4,44,1,25596227,25600193,3966,1,1,1
"747",14,46,5,45,1,25650087,25654246,4159,0,0,1
"748",14,54,1,46,1,25670798,25673860,3062,1,1,1
"749",14,37,2,47,1,25679393,25682869,3476,1,1,1
"750",14,47,6,48,1,25700723,25703608,2885,1,1,1
"751",14,22,5,49,1,25720554,25725553,4999,1,1,1
"752",14,51,4,50,1,25731481,25733743,2262,0,0,1
"753",14,19,2,51,1,25738829,25744879,6050,1,1,1
"754",14,31,2,52,1,25755293,25758135,2842,0,0,1
"755",14,41,6,53,1,25775238,25778042,2804,0,0,1
"756",14,18,1,54,1,25796297,25799006,2709,0,0,1
"757",15,54,2,1,1,26882513,26884907,2394,1,1,1
"758",15,3,5,2,1,26959935,26962060,2125,1,1,1
"759",15,12,2,3,1,27004519,27007136,2617,0,0,1
"760",15,1,3,4,1,27013576,27015658,2082,0,0,1
"761",15,29,1,5,1,27027571,27029418,1847,1,1,1
"762",15,22,6,6,1,27036767,27039142,2375,1,1,1
"763",15,8,4,7,1,27054014,27056024,2010,0,0,1
"764",15,34,6,8,1,27069524,27071590,2066,1,1,1
"765",15,21,5,9,1,27087626,27089469,1843,1,1,1
"766",15,45,5,10,1,27104424,27106389,1965,1,1,1
"767",15,53,1,11,1,27134208,27136218,2010,0,0,1
"768",15,32,4,12,1,27157057,27159183,2126,1,1,1
"769",15,5,1,13,1,27172305,27174686,2381,0,0,1
"770",15,17,1,14,1,27189102,27191013,1911,1,1,1
"771",15,46,6,15,1,27207940,27211059,3119,0,0,1
"772",15,9,5,16,1,27225157,27227340,2183,1,1,1
"773",15,25,3,17,1,27251904,27253635,1731,0,0,1
"774",15,51,5,18,1,27272394,27274314,1920,0,0,1
"775",15,13,3,19,1,27290086,27292408,2322,1,1,1
"776",15,26,4,20,1,27307122,27309149,2027,1,1,1
"777",15,2,4,21,1,27322173,27324689,2516,1,1,1
"778",15,14,4,22,1,27337514,27339477,1963,1,1,1
"779",15,41,1,23,1,27415855,27419168,3313,0,0,1
"780",15,35,1,24,1,27425553,27428477,2924,0,0,1
"781",15,20,4,25,1,27435292,27437487,2195,1,1,1
"782",15,15,5,26,1,27447906,27449837,1931,1,1,1
"783",15,28,6,27,1,27456156,27458313,2157,0,0,1
"784",15,40,6,28,1,27477104,27479465,2361,0,0,1
"785",15,27,5,29,1,27498940,27501044,2104,0,0,1
"786",15,4,6,30,1,27511925,27513892,1967,0,0,1
"787",15,7,3,31,1,27521442,27524530,3088,1,1,1
"788",15,31,3,32,1,27533575,27535785,2210,0,0,1
"789",15,48,2,33,1,27540617,27542863,2246,0,0,1
"790",15,50,4,34,1,27556512,27558784,2272,1,1,1
"791",15,33,5,35,1,27584242,27586533,2291,0,0,1
"792",15,39,5,36,1,27593197,27595169,1972,1,1,1
"793",15,10,6,37,1,27602262,27604552,2290,0,0,1
"794",15,38,4,38,1,27648839,27651028,2189,0,0,1
"795",15,16,6,39,1,27657408,27659679,2271,0,0,1
"796",15,43,3,40,1,27678078,27681144,3066,0,0,1
"797",15,36,2,41,1,27699349,27701803,2454,1,1,1
"798",15,18,2,42,1,27709672,27711519,1847,0,0,1
"799",15,49,3,43,1,27717168,27718772,1604,0,0,1
"800",15,44,4,44,1,27735845,27737756,1911,1,1,1
"801",15,11,1,45,1,27749834,27751564,1730,0,0,1
"802",15,19,3,46,1,27757523,27760354,2831,1,1,1
"803",15,23,1,47,1,27766531,27768305,1774,0,0,1
"804",15,42,2,48,1,27775390,27778075,2685,1,1,1
"805",15,37,3,49,1,27784803,27786700,1897,1,1,1
"806",15,6,2,50,1,27793284,27796068,2784,0,0,1
"807",15,52,6,51,1,27816490,27818314,1824,1,1,1
"808",15,24,2,52,1,27826021,27831343,5322,0,0,1
"809",15,47,1,53,1,27881645,27883657,2012,1,1,1
"810",15,30,2,54,1,27889053,27891000,1947,1,1,1
"811",16,54,3,1,1,29267167,29272070,4903,1,1,1
"812",16,10,1,2,1,29298846,29301535,2689,0,0,1
"813",16,13,4,3,1,29348291,29350636,2345,1,1,1
"814",16,38,5,4,1,29396083,29398530,2447,0,0,1
"815",16,3,6,5,1,29429500,29431753,2253,1,1,1
"816",16,42,3,6,1,29440196,29442422,2226,1,1,1
"817",16,20,5,7,1,29449871,29453278,3407,1,1,1
"818",16,15,6,8,1,29484886,29487230,2344,1,1,1
"819",16,27,6,9,1,29494822,29497330,2508,0,0,1
"820",16,47,2,10,1,29504424,29507283,2859,1,1,1
"821",16,46,1,11,1,29538763,29541305,2542,0,0,1
"822",16,23,2,12,1,29564258,29566508,2250,0,0,1
"823",16,14,5,13,1,29638101,29640909,2808,1,1,1
"824",16,40,1,14,1,29665668,29668277,2609,0,0,1
"825",16,11,2,15,1,29676199,29679193,2994,0,0,1
"826",16,48,3,16,1,29716419,29719179,2760,0,0,1
"827",16,53,2,17,1,29743670,29745981,2311,0,0,1
"828",16,43,4,18,1,29753161,29755165,2004,0,0,1
"829",16,32,5,19,1,29762577,29765048,2471,1,1,1
"830",16,49,4,20,1,29772501,29774511,2010,0,0,1
"831",16,17,2,21,1,29789747,29791946,2199,1,1,1
"832",16,45,6,22,1,29871478,29873955,2477,1,1,1
"833",16,5,2,23,1,29881797,29884312,2515,0,0,1
"834",16,6,3,24,1,29913237,29915839,2602,0,0,1
"835",16,30,3,25,1,29922759,29925244,2485,1,1,1
"836",16,35,2,26,1,29944778,29947362,2584,0,0,1
"837",16,1,4,27,1,29954833,29957723,2890,0,0,1
"838",16,41,2,28,1,29970975,29972958,1983,0,0,1
"839",16,19,4,29,1,29994508,29998869,4361,1,0,0
"840",16,4,1,30,1,30036668,30038775,2107,0,0,1
"841",16,50,5,31,1,30084440,30086715,2275,1,1,1
"842",16,9,6,32,1,30094946,30097198,2252,1,1,1
"843",16,25,4,33,1,30104029,30106189,2160,0,0,1
"844",16,39,6,34,1,30119426,30121876,2450,1,1,1
"845",16,7,4,35,1,30137525,30140869,3344,1,1,1
"846",16,51,6,36,1,30148268,30150339,2071,0,0,1
"847",16,8,5,37,1,30158420,30161036,2616,0,0,1
"848",16,29,2,38,1,30175869,30178348,2479,1,1,1
"849",16,21,6,39,1,30192096,30194331,2235,1,1,1
"850",16,24,3,40,1,30217171,30220700,3529,0,0,1
"851",16,2,5,41,1,30251118,30254254,3136,1,1,1
"852",16,34,1,42,1,30290000,30292613,2613,1,1,1
"853",16,37,4,43,1,30300944,30303089,2145,1,1,1
"854",16,31,4,44,1,30310902,30314285,3383,0,0,1
"855",16,44,5,45,1,30320961,30323383,2422,1,1,1
"856",16,52,1,46,1,30337675,30340337,2662,1,1,1
"857",16,28,1,47,1,30355717,30358370,2653,0,0,1
"858",16,36,3,48,1,30372216,30375715,3499,1,1,1
"859",16,18,3,49,1,30383089,30385660,2571,0,0,1
"860",16,12,3,50,1,30392765,30395215,2450,0,0,1
"861",16,16,1,51,1,30407982,30410477,2495,0,0,1
"862",16,22,1,52,1,30436787,30439492,2705,1,0,0
"863",16,26,5,53,1,30448804,30452194,3390,1,1,1
"864",16,33,6,54,1,30466370,30469216,2846,0,0,1
"865",17,23,3,1,1,31421377,31423581,2204,0,0,1
"866",17,17,3,2,1,31430663,31433761,3098,1,1,1
"867",17,4,2,3,1,31450414,31452432,2018,0,0,1
"868",17,7,5,4,1,31459470,31462360,2890,1,1,1
"869",17,40,2,5,1,31497788,31500288,2500,0,0,1
"870",17,45,1,6,1,31507018,31509010,1992,1,1,1
"871",17,8,6,7,1,31541591,31544437,2846,0,0,1
"872",17,5,3,8,1,31551343,31554040,2697,0,0,1
"873",17,54,4,9,1,31560276,31563131,2855,1,1,1
"874",17,12,4,10,1,31569029,31571567,2538,0,0,1
"875",17,36,4,11,1,31577831,31580818,2987,1,1,1
"876",17,33,1,12,1,31641095,31643726,2631,0,0,1
"877",17,31,5,13,1,31673081,31675341,2260,0,0,1
"878",17,53,3,14,1,31681312,31683372,2060,0,0,1
"879",17,9,1,15,1,31690454,31693661,3207,1,1,1
"880",17,39,1,16,1,31700840,31703353,2513,1,1,1
"881",17,46,2,17,1,31710389,31712782,2393,0,0,1
"882",17,35,3,18,1,31719541,31722877,3336,0,0,1
"883",17,37,5,19,1,31755219,31757944,2725,1,1,1
"884",17,38,6,20,1,31807581,31809658,2077,0,0,1
"885",17,28,2,21,1,31835144,31837601,2457,0,0,1
"886",17,29,3,22,1,31852044,31855322,3278,1,1,1
"887",17,18,4,23,1,31861969,31864773,2804,0,0,1
"888",17,43,5,24,1,31870641,31872762,2121,0,0,1
"889",17,26,6,25,1,31887345,31890717,3372,1,1,1
"890",17,24,4,26,1,31908494,31912301,3807,0,0,1
"891",17,30,4,27,1,31918524,31920712,2188,1,1,1
"892",17,20,6,28,1,31950783,31952987,2204,1,1,1
"893",17,22,2,29,1,31969404,31972113,2709,1,1,1
"894",17,25,5,30,1,31978651,31980742,2091,0,0,1
"895",17,14,6,31,1,31988351,31991898,3547,1,1,1
"896",17,52,2,32,1,32004537,32006994,2457,1,1,1
"897",17,3,1,33,1,32033332,32036462,3130,1,1,1
"898",17,13,5,34,1,32050618,32053302,2684,1,1,1
"899",17,1,5,35,1,32076894,32080187,3293,0,0,1
"900",17,15,1,36,1,32085659,32089135,3476,1,1,1
"901",17,41,3,37,1,32096995,32099431,2436,0,0,1
"902",17,32,6,38,1,32105865,32109023,3158,1,1,1
"903",17,50,6,39,1,32119407,32121523,2116,1,1,1
"904",17,42,4,40,1,32147638,32150726,3088,1,1,1
"905",17,6,4,41,1,32176109,32179349,3240,0,0,1
"906",17,47,3,42,1,32192491,32194690,2199,1,1,1
"907",17,48,4,43,1,32214425,32217423,2998,0,0,1
"908",17,51,1,44,1,32223336,32225187,1851,0,0,1
"909",17,10,2,45,1,32265196,32268709,3513,0,0,1
"910",17,16,2,46,1,32337028,32339824,2796,0,0,1
"911",17,11,3,47,1,32346220,32348333,2113,0,0,1
"912",17,2,6,48,1,32364345,32368634,4289,1,1,1
"913",17,19,5,49,1,32387699,32390963,3264,1,1,1
"914",17,21,1,50,1,32408164,32410690,2526,1,1,1
"915",17,44,6,51,1,32447363,32449617,2254,1,1,1
"916",17,49,5,52,1,32462828,32464723,1895,0,0,1
"917",17,34,2,53,1,32472856,32476885,4029,1,1,1
"918",17,27,1,54,1,32496220,32498585,2365,0,0,1
"919",18,37,6,1,1,796447,799706,3259,1,1,1
"920",18,38,1,2,1,817404,822966,5562,0,0,1
"921",18,12,5,3,1,829141,831289,2148,0,0,1
"922",18,33,2,4,1,887392,890155,2763,0,0,1
"923",18,10,3,5,1,898323,900883,2560,0,0,1
"924",18,15,2,6,1,906595,909073,2478,1,1,1
"925",18,25,6,7,1,915750,917855,2105,0,0,1
"926",18,6,5,8,1,935724,937901,2177,0,0,1
"927",18,43,6,9,1,946133,948224,2091,0,0,1
"928",18,5,4,10,1,961974,964191,2217,0,0,1
"929",18,3,2,11,1,990303,993481,3178,1,1,1
"930",18,17,4,12,1,1005365,1007463,2098,1,1,1
"931",18,45,2,13,1,1013278,1015352,2074,1,1,1
"932",18,27,2,14,1,1032148,1035126,2978,0,0,1
"933",18,39,2,15,1,1055172,1057350,2178,1,1,1
"934",18,32,1,16,1,1063974,1066346,2372,1,1,1
"935",18,1,6,17,1,1087578,1089598,2020,0,0,1
"936",18,19,6,18,1,1132609,1134949,2340,1,1,1
"937",18,47,4,19,1,1140493,1142558,2065,1,1,1
"938",18,24,5,20,1,1149505,1152070,2565,0,0,1
"939",18,30,5,21,1,1163251,1165398,2147,1,1,1
"940",18,34,3,22,1,1184779,1187149,2370,1,1,1
"941",18,8,1,23,1,1219143,1221569,2426,0,0,1
"942",18,31,6,24,1,1261522,1263620,2098,0,0,1
"943",18,49,6,25,1,1271463,1273431,1968,0,0,1
"944",18,36,5,26,1,1332330,1335362,3032,1,1,1
"945",18,16,3,27,1,1341979,1344112,2133,0,0,1
"946",18,50,1,28,1,1350383,1352301,1918,1,1,1
"947",18,28,3,29,1,1370354,1372673,2319,0,0,1
"948",18,21,2,30,1,1380694,1383109,2415,1,1,1
"949",18,26,1,31,1,1424343,1427568,3225,1,1,1
"950",18,18,5,32,1,1444887,1447039,2152,0,0,1
"951",18,23,4,33,1,1462867,1464899,2032,0,0,1
"952",18,44,1,34,1,1480911,1483286,2375,1,1,1
"953",18,48,5,35,1,1488355,1490503,2148,0,0,1
"954",18,14,1,36,1,1502972,1505698,2726,1,1,1
"955",18,9,2,37,1,1540951,1543230,2279,1,1,1
"956",18,13,6,38,1,1578646,1581636,2990,1,1,1
"957",18,53,4,39,1,1605949,1608401,2452,0,0,1
"958",18,42,5,40,1,1614607,1616996,2389,1,1,1
"959",18,29,4,41,1,1646107,1648438,2331,1,1,1
"960",18,40,3,42,1,1655272,1657676,2404,0,0,1
"961",18,35,4,43,1,1663515,1667611,4096,0,1,0
"962",18,2,1,44,1,1680192,1682358,2166,1,1,1
"963",18,46,3,45,1,1694532,1697868,3336,0,0,1
"964",18,7,6,46,1,1713370,1716847,3477,1,1,1
"965",18,11,4,47,1,1722551,1725216,2665,0,0,1
"966",18,20,1,48,1,1739807,1742623,2816,1,1,1
"967",18,52,3,49,1,1755142,1757579,2437,1,1,1
"968",18,22,3,50,1,1771056,1773680,2624,1,1,1
"969",18,51,2,51,1,1785585,1787727,2142,0,0,1
"970",18,4,3,52,1,1794047,1796151,2104,0,0,1
"971",18,54,5,53,1,1802323,1804635,2312,1,1,1
"972",18,41,4,54,1,1832353,1834737,2384,0,0,1
"973",19,26,2,1,1,3205628,3209661,4033,1,1,1
"974",19,7,1,2,1,3271013,3276072,5059,1,1,1
"975",19,6,6,3,1,3285372,3288633,3261,0,0,1
"976",19,4,4,4,1,3297934,3302334,4400,0,0,1
"977",19,1,1,5,1,3324075,3327573,3498,0,0,1
"978",19,50,2,6,1,3334361,3336901,2540,1,1,1
"979",19,33,3,7,1,3361873,3365004,3131,0,0,1
"980",19,17,5,8,1,3396914,3400153,3239,1,1,1
"981",19,42,6,9,1,3412169,3420576,8407,1,1,1
"982",19,54,6,10,1,3443971,3446941,2970,1,1,1
"983",19,19,1,11,1,3467641,3472504,4863,1,0,0
"984",19,20,2,12,1,3486529,3489970,3441,1,1,1
"985",19,21,3,13,1,3506706,3510084,3378,1,1,1
"986",19,10,4,14,1,3518470,3522379,3909,0,0,1
"987",19,8,2,15,1,3561866,3566069,4203,0,0,1
"988",19,27,3,16,1,3573569,3576159,2590,0,0,1
"989",19,13,1,17,1,3610687,3614824,4137,1,1,1
"990",19,16,4,18,1,3622930,3628086,5156,0,0,1
"991",19,39,3,19,1,3639503,3642840,3337,1,1,1
"992",19,14,2,20,1,3660025,3663693,3668,1,0,0
"993",19,22,4,21,1,3678075,3682752,4677,1,1,1
"994",19,15,3,22,1,3696041,3698893,2852,1,1,1
"995",19,5,5,23,1,3719155,3724211,5056,0,0,1
"996",19,11,5,24,1,3757407,3761518,4111,0,0,1
"997",19,31,1,25,1,3775282,3779643,4361,0,1,0
"998",19,25,1,26,1,3789360,3792153,2793,0,0,1
"999",19,52,4,27,1,3839149,3841933,2784,1,1,1
"1000",19,32,2,28,1,3890937,3894373,3436,1,1,1
"1001",19,49,1,29,1,3931433,3934967,3534,0,0,1
"1002",19,53,5,30,1,3941500,3944455,2955,0,0,1
"1003",19,12,6,31,1,3951914,3956426,4512,0,0,1
"1004",19,35,5,32,1,3971081,3974846,3765,0,0,1
"1005",19,9,3,33,1,3991420,3993945,2525,1,1,1
"1006",19,41,5,34,1,4000710,4003775,3065,0,0,1
"1007",19,28,4,35,1,4010608,4015536,4928,0,0,1
"1008",19,24,6,36,1,4049847,4055622,5775,0,0,1
"1009",19,45,3,37,1,4062180,4064451,2271,1,1,1
"1010",19,36,6,38,1,4078703,4081286,2583,1,1,1
"1011",19,2,2,39,1,4097041,4101266,4225,1,1,1
"1012",19,46,4,40,1,4118034,4121097,3063,0,0,1
"1013",19,37,1,41,1,4128658,4131300,2642,1,1,1
"1014",19,44,2,42,1,4168940,4171812,2872,1,1,1
"1015",19,38,2,43,1,4195241,4198135,2894,0,0,1
"1016",19,51,3,44,1,4242501,4246704,4203,0,0,1
"1017",19,23,5,45,1,4301603,4305109,3506,0,0,1
"1018",19,29,5,46,1,4311920,4314873,2953,1,1,1
"1019",19,47,5,47,1,4343447,4346760,3313,1,1,1
"1020",19,43,1,48,1,4381926,4387678,5752,0,0,1
"1021",19,34,4,49,1,4415286,4421994,6708,1,1,1
"1022",19,40,4,50,1,4430214,4434141,3927,0,0,1
"1023",19,18,6,51,1,4454627,4457854,3227,0,0,1
"1024",19,30,6,52,1,4464600,4466484,1884,1,1,1
"1025",19,3,3,53,1,4474773,4477252,2479,1,1,1
"1026",19,48,6,54,1,4490200,4493452,3252,0,0,1
"1027",20,42,1,1,1,5865888,5869451,3563,1,0,0
"1028",20,8,3,2,1,5888789,5891666,2877,0,0,1
"1029",20,39,4,3,1,5898467,5900989,2522,1,1,1
"1030",20,31,2,4,1,5908478,5911458,2980,0,0,1
"1031",20,6,1,5,1,5918594,5921199,2605,0,0,1
"1032",20,54,1,6,1,5946168,5949475,3307,1,1,1
"1033",20,9,4,7,1,5956969,5959966,2997,1,1,1
"1034",20,21,4,8,1,5974821,5977459,2638,1,1,1
"1035",20,41,6,9,1,6034698,6037670,2972,0,0,1
"1036",20,23,6,10,1,6051566,6054583,3017,0,0,1
"1037",20,19,2,11,1,6085288,6089630,4342,1,1,1
"1038",20,1,2,12,1,6095258,6097960,2702,0,0,1
"1039",20,27,4,13,1,6104326,6106645,2319,0,0,1
"1040",20,18,1,14,1,6130589,6133240,2651,0,0,1
"1041",20,5,6,15,1,6144660,6147601,2941,0,0,1
"1042",20,29,6,16,1,6167164,6169587,2423,1,1,1
"1043",20,10,5,17,1,6174991,6178238,3247,0,0,1
"1044",20,48,1,18,1,6189119,6191772,2653,0,0,1
"1045",20,22,5,19,1,6198232,6202143,3911,1,1,1
"1046",20,35,6,20,1,6216253,6219277,3024,0,0,1
"1047",20,45,4,21,1,6235734,6238788,3054,1,1,1
"1048",20,33,4,22,1,6252655,6255495,2840,0,0,1
"1049",20,24,1,23,1,6267467,6270283,2816,0,0,1
"1050",20,46,5,24,1,6277331,6280186,2855,0,0,1
"1051",20,53,6,25,1,6314343,6316799,2456,0,0,1
"1052",20,28,5,26,1,6322843,6325910,3067,0,0,1
"1053",20,51,4,27,1,6338520,6340717,2197,0,0,1
"1054",20,16,5,28,1,6394035,6396630,2595,0,0,1
"1055",20,11,6,29,1,6405092,6407221,2129,0,1,0
"1056",20,25,2,30,1,6429718,6431850,2132,0,0,1
"1057",20,52,5,31,1,6437930,6440090,2160,1,1,1
"1058",20,14,3,32,1,6451801,6454795,2994,1,1,1
"1059",20,50,3,33,1,6478017,6480259,2242,1,1,1
"1060",20,43,2,34,1,6508552,6510701,2149,0,0,1
"1061",20,15,4,35,1,6542662,6544781,2119,1,1,1
"1062",20,36,1,36,1,6550528,6554092,3564,1,1,1
"1063",20,13,2,37,1,6559741,6562022,2281,1,1,1
"1064",20,26,3,38,1,6581721,6584074,2353,1,1,1
"1065",20,40,5,39,1,6597253,6599675,2422,0,0,1
"1066",20,20,3,40,1,6604996,6607485,2489,1,1,1
"1067",20,4,5,41,1,6612999,6615029,2030,0,0,1
"1068",20,37,2,42,1,6621182,6624292,3110,1,1,1
"1069",20,44,3,43,1,6676230,6679300,3070,1,1,1
"1070",20,17,6,44,1,6703043,6705117,2074,1,1,1
"1071",20,12,1,45,1,6724118,6726976,2858,0,0,1
"1072",20,47,6,46,1,6799508,6801873,2365,1,1,1
"1073",20,32,3,47,1,6819684,6822612,2928,1,1,1
"1074",20,49,2,48,1,6851225,6853801,2576,0,0,1
"1075",20,7,2,49,1,6870171,6872815,2644,1,1,1
"1076",20,2,3,50,1,6878476,6882144,3668,1,1,1
"1077",20,38,3,51,1,6888403,6890547,2144,0,0,1
"1078",20,3,4,52,1,6902763,6905248,2485,1,1,1
"1079",20,30,1,53,1,6910416,6912539,2123,1,1,1
"1080",20,34,5,54,1,6952237,6955417,3180,1,1,1
"1081",21,20,4,1,1,8018086,8022403,4317,1,1,1
"1082",21,23,1,2,1,8050776,8055160,4384,0,0,1
"1083",21,10,6,3,1,8065128,8068647,3519,0,0,1
"1084",21,5,1,4,1,8086773,8090979,4206,0,0,1
"1085",21,34,6,5,1,8144623,8148713,4090,1,1,1
"1086",21,37,3,6,1,8188903,8192440,3537,1,1,1
"1087",21,38,4,7,1,8211366,8214938,3572,0,0,1
"1088",21,36,2,8,1,8231929,8235125,3196,1,1,1
"1089",21,18,2,9,1,8264328,8268880,4552,0,0,1
"1090",21,12,2,10,1,8286829,8290251,3422,0,0,1
"1091",21,46,6,11,1,8308162,8311664,3502,0,0,1
"1092",21,40,6,12,1,8330847,8334340,3493,0,0,1
"1093",21,8,4,13,1,8343525,8347616,4091,0,0,1
"1094",21,14,4,14,1,8366794,8370880,4086,1,1,1
"1095",21,7,3,15,1,8396248,8402251,6003,1,1,1
"1096",21,24,2,16,1,8416154,8420523,4369,0,0,1
"1097",21,43,3,17,1,8435837,8438842,3005,0,0,1
"1098",21,28,6,18,1,8457099,8460527,3428,0,0,1
"1099",21,4,6,19,1,8470628,8473984,3356,0,0,1
"1100",21,16,6,20,1,8510022,8514035,4013,0,0,1
"1101",21,21,5,21,1,8522290,8526411,4121,1,1,1
"1102",21,45,5,22,1,8542266,8545403,3137,1,1,1
"1103",21,13,3,23,1,8563297,8566388,3091,1,1,1
"1104",21,35,1,24,1,8574077,8578492,4415,0,0,1
"1105",21,41,1,25,1,8610601,8614743,4142,0,0,1
"1106",21,26,4,26,1,8650962,8655429,4467,1,1,1
"1107",21,30,2,27,1,8785736,8788846,3110,1,1,1
"1108",21,32,4,28,1,8798506,8802142,3636,1,1,1
"1109",21,53,1,29,1,8811415,8814671,3256,0,0,1
"1110",21,3,5,30,1,8838301,8842095,3794,1,1,1
"1111",21,9,5,31,1,8869499,8874010,4511,1,1,1
"1112",21,50,4,32,1,8918877,8922950,4073,1,1,1
"1113",21,2,4,33,1,8930977,8935272,4295,1,1,1
"1114",21,11,1,34,1,8953109,8957270,4161,0,0,1
"1115",21,47,1,35,1,8976858,8980402,3544,1,1,1
"1116",21,51,5,36,1,8998494,9001934,3440,0,0,1
"1117",21,29,1,37,1,9010302,9014631,4329,1,1,1
"1118",21,22,6,38,1,9032726,9036295,3569,1,1,1
"1119",21,52,6,39,1,9052570,9055834,3264,1,1,1
"1120",21,48,2,40,1,9100985,9104717,3732,0,0,1
"1121",21,44,4,41,1,9129634,9133114,3480,1,1,1
"1122",21,27,5,42,1,9140172,9143328,3156,0,0,1
"1123",21,17,1,43,1,9158525,9162301,3776,1,1,1
"1124",21,33,5,44,1,9212875,9216242,3367,0,0,1
"1125",21,42,2,45,1,9223254,9227344,4090,1,1,1
"1126",21,15,5,46,1,9248192,9251675,3483,1,1,1
"1127",21,39,5,47,1,9291157,9294472,3315,1,1,1
"1128",21,1,3,48,1,9301295,9304256,2961,0,0,1
"1129",21,54,2,49,1,9355187,9361235,6048,1,1,1
"1130",21,31,3,50,1,9371420,9374338,2918,0,0,1
"1131",21,25,3,51,1,9384817,9387871,3054,0,0,1
"1132",21,49,3,52,1,9396531,9399074,2543,0,0,1
"1133",21,19,3,53,1,9407283,9412204,4921,1,1,1
"1134",21,6,2,54,1,9429004,9432155,3151,0,0,1
"1135",22,28,1,1,1,10359957,10363127,3170,0,0,1
"1136",22,47,2,2,1,10368874,10371132,2258,1,1,1
"1137",22,9,6,3,1,10378830,10381927,3097,1,0,0
"1138",22,49,4,4,1,10412894,10415383,2489,0,0,1
"1139",22,31,4,5,1,10431314,10436593,5279,0,1,0
"1140",22,39,6,6,1,10475204,10477609,2405,1,1,1
"1141",22,19,4,7,1,10484156,10488128,3972,1,1,1
"1142",22,24,3,8,1,10500240,10503708,3468,0,0,1
"1143",22,12,3,9,1,10524667,10529403,4736,0,0,1
"1144",22,54,3,10,1,10535391,10538247,2856,1,1,1
"1145",22,17,2,11,1,10545368,10547890,2522,1,1,1
"1146",22,51,6,12,1,10562420,10565105,2685,0,0,1
"1147",22,41,2,13,1,10625108,10628327,3219,0,0,1
"1148",22,18,3,14,1,10646045,10649806,3761,0,0,1
"1149",22,14,5,15,1,10657088,10660050,2962,1,1,1
"1150",22,26,5,16,1,10673909,10678708,4799,1,1,1
"1151",22,27,6,17,1,10737862,10740305,2443,0,0,1
"1152",22,52,1,18,1,10779257,10782290,3033,1,1,1
"1153",22,44,5,19,1,10793994,10796280,2286,1,1,1
"1154",22,36,3,20,1,10814258,10817084,2826,1,1,1
"1155",22,42,3,21,1,10836812,10841363,4551,1,1,1
"1156",22,45,6,22,1,11045767,11048105,2338,1,1,1
"1157",22,8,5,23,1,11074276,11077221,2945,0,0,1
"1158",22,35,2,24,1,11111416,11114501,3085,0,0,1
"1159",22,2,5,25,1,11121317,11124499,3182,1,1,1
"1160",22,25,4,26,1,11138894,11141231,2337,0,0,1
"1161",22,23,2,27,1,11147126,11150003,2877,0,0,1
"1162",22,32,5,28,1,11162619,11165690,3071,1,1,1
"1163",22,53,2,29,1,11177480,11179617,2137,0,0,1
"1164",22,11,2,30,1,11190253,11193085,2832,0,0,1
"1165",22,34,1,31,1,11210681,11214239,3558,1,1,1
"1166",22,10,1,32,1,11226691,11230325,3634,0,0,1
"1167",22,16,1,33,1,11255171,11258269,3098,0,0,1
"1168",22,22,1,34,1,11288171,11291102,2931,1,1,1
"1169",22,43,4,35,1,11302578,11305405,2827,0,0,1
"1170",22,21,6,36,1,11311460,11314361,2901,1,1,1
"1171",22,30,3,37,1,11320602,11322704,2102,1,1,1
"1172",22,5,2,38,1,11336520,11339551,3031,0,0,1
"1173",22,3,6,39,1,11346662,11349207,2545,1,1,1
"1174",22,20,5,40,1,11355334,11357726,2392,1,1,1
"1175",22,40,1,41,1,11376471,11380836,4365,0,0,1
"1176",22,50,5,42,1,11394119,11396670,2551,1,1,1
"1177",22,38,5,43,1,11403351,11406061,2710,0,0,1
"1178",22,13,4,44,1,11412660,11414783,2123,1,1,1
"1179",22,37,4,45,1,11421707,11424588,2881,1,1,1
"1180",22,1,4,46,1,11430740,11433623,2883,0,0,1
"1181",22,6,3,47,1,11439789,11443066,3277,0,0,1
"1182",22,48,3,48,1,11477285,11479894,2609,0,0,1
"1183",22,4,1,49,1,11485547,11488083,2536,0,0,1
"1184",22,29,2,50,1,11494507,11497021,2514,1,1,1
"1185",22,33,6,51,1,11503601,11506378,2777,0,0,1
"1186",22,7,4,52,1,11524352,11526943,2591,1,1,1
"1187",22,15,6,53,1,11532666,11534967,2301,1,1,1
"1188",22,46,1,54,1,11591393,11594045,2652,0,0,1
"1189",23,24,4,1,1,12447891,12450274,2383,0,0,1
"1190",23,19,5,2,1,12457218,12460428,3210,1,0,0
"1191",23,3,1,3,1,12473594,12476608,3014,1,1,1
"1192",23,4,2,4,1,12482779,12484752,1973,0,0,1
"1193",23,26,6,5,1,12549355,12552243,2888,1,1,1
"1194",23,16,2,6,1,12571421,12573782,2361,0,0,1
"1195",23,9,1,7,1,12601913,12604664,2751,1,1,1
"1196",23,42,4,8,1,12611415,12613809,2394,1,1,1
"1197",23,48,4,9,1,12648072,12651400,3328,0,0,1
"1198",23,30,4,10,1,12673990,12676273,2283,1,1,1
"1199",23,44,6,11,1,12682072,12684321,2249,1,1,1
"1200",23,12,4,12,1,12715233,12717929,2696,0,0,1
"1201",23,21,1,13,1,12734879,12737302,2423,1,1,1
"1202",23,27,1,14,1,12744000,12746205,2205,0,0,1
"1203",23,14,6,15,1,12764701,12767619,2918,1,1,1
"1204",23,34,2,16,1,12781808,12784504,2696,1,1,1
"1205",23,35,3,17,1,12797584,12800567,2983,0,0,1
"1206",23,32,6,18,1,12808668,12811201,2533,1,1,1
"1207",23,38,6,19,1,12818963,12821044,2081,0,0,1
"1208",23,28,2,20,1,12855093,12857586,2493,0,0,1
"1209",23,47,3,21,1,12879891,12882375,2484,1,1,1
"1210",23,40,2,22,1,12905338,12908739,3401,0,0,1
"1211",23,29,3,23,1,12928805,12931670,2865,1,1,1
"1212",23,15,1,24,1,12962192,12964779,2587,1,1,1
"1213",23,10,2,25,1,12971449,12974261,2812,0,0,1
"1214",23,39,1,26,1,12979258,12981758,2500,1,1,1
"1215",23,11,3,27,1,13183580,13185770,2190,0,1,0
"1216",23,50,6,28,1,13224641,13227402,2761,1,1,1
"1217",23,53,3,29,1,13276642,13278775,2133,0,0,1
"1218",23,54,4,30,1,13291849,13295236,3387,1,1,1
"1219",23,43,5,31,1,13310455,13312338,1883,0,0,1
"1220",23,46,2,32,1,13326793,13329316,2523,0,0,1
"1221",23,37,5,33,1,13340562,13343539,2977,1,1,1
"1222",23,2,6,34,1,13353921,13356561,2640,1,1,1
"1223",23,49,5,35,1,13374682,13376461,1779,0,0,1
"1224",23,51,1,36,1,13383002,13384944,1942,0,0,1
"1225",23,25,5,37,1,13391531,13393728,2197,0,0,1
"1226",23,6,4,38,1,13419557,13422024,2467,0,0,1
"1227",23,20,6,39,1,13447522,13450918,3396,1,1,1
"1228",23,52,2,40,1,13461679,13464187,2508,1,1,1
"1229",23,41,3,41,1,13506458,13508850,2392,0,0,1
"1230",23,18,4,42,1,13538703,13540693,1990,0,0,1
"1231",23,1,5,43,1,13565255,13568203,2948,0,0,1
"1232",23,31,5,44,1,13644902,13646766,1864,0,0,1
"1233",23,5,3,45,1,13653286,13655863,2577,0,0,1
"1234",23,17,3,46,1,13664223,13667213,2990,1,1,1
"1235",23,23,3,47,1,13673803,13675990,2187,0,0,1
"1236",23,22,2,48,1,13686499,13689632,3133,1,1,1
"1237",23,13,5,49,1,13697263,13699247,1984,1,1,1
"1238",23,8,6,50,1,13720939,13723666,2727,0,0,1
"1239",23,36,4,51,1,13747028,13749627,2599,1,1,1
"1240",23,33,1,52,1,13762957,13765469,2512,0,0,1
"1241",23,45,1,53,1,13771696,13774013,2317,1,1,1
"1242",23,7,5,54,1,13786916,13789893,2977,1,1,1
"1243",24,47,4,1,1,15142742,15145094,2352,1,1,1
"1244",24,53,4,2,1,15166264,15168542,2278,0,0,1
"1245",24,44,1,3,1,15185070,15187300,2230,1,1,1
"1246",24,37,6,4,1,15208446,15210724,2278,1,1,1
"1247",24,31,6,5,1,15230063,15232641,2578,0,0,1
"1248",24,11,4,6,1,15237858,15240260,2402,0,1,0
"1249",24,2,1,7,1,15260187,15262805,2618,1,1,1
"1250",24,8,1,8,1,15290726,15292747,2021,0,0,1
"1251",24,7,6,9,1,15306346,15309253,2907,1,1,1
"1252",24,45,2,10,1,15333642,15336323,2681,1,1,1
"1253",24,17,4,11,1,15410988,15413588,2600,1,1,1
"1254",24,16,3,12,1,15422409,15424550,2141,0,0,1
"1255",24,15,2,13,1,15438116,15441371,3255,1,1,1
"1256",24,51,2,14,1,15471643,15473706,2063,0,0,1
"1257",24,30,5,15,1,15493830,15495759,1929,1,1,1
"1258",24,54,5,16,1,15507962,15512138,4176,1,1,1
"1259",24,36,5,17,1,15525617,15527747,2130,1,1,1
"1260",24,13,6,18,1,15565067,15566906,1839,1,1,1
"1261",24,40,3,19,1,15579830,15581999,2169,0,0,1
"1262",24,21,2,20,1,15624839,15627942,3103,1,1,1
"1263",24,3,2,21,1,15672891,15674759,1868,1,1,1
"1264",24,28,3,22,1,15683150,15685702,2552,0,0,1
"1265",24,39,2,23,1,15720331,15722680,2349,1,1,1
"1266",24,6,5,24,1,15731996,15733869,1873,0,0,1
"1267",24,12,5,25,1,15752291,15754803,2512,0,0,1
"1268",24,14,1,26,1,15767552,15769990,2438,1,1,1
"1269",24,10,3,27,1,15782783,15785177,2394,0,0,1
"1270",24,29,4,28,1,15796109,15798212,2103,1,1,1
"1271",24,35,4,29,1,15813531,15816073,2542,0,0,1
"1272",24,1,6,30,1,15822232,15824143,1911,0,0,1
"1273",24,41,4,31,1,15831721,15833826,2105,0,0,1
"1274",24,42,5,32,1,15853193,15856226,3033,1,1,1
"1275",24,23,4,33,1,15860951,15863095,2144,0,0,1
"1276",24,33,2,34,1,15876989,15880690,3701,0,0,1
"1277",24,19,6,35,1,15904612,15908658,4046,1,0,0
"1278",24,18,5,36,1,15915146,15917010,1864,0,0,1
"1279",24,24,5,37,1,15928874,15931250,2376,0,0,1
"1280",24,43,6,38,1,15954090,15956127,2037,0,0,1
"1281",24,52,3,39,1,15967877,15970549,2672,1,1,1
"1282",24,20,1,40,1,15992597,15996413,3816,1,1,1
"1283",24,5,4,41,1,16002798,16006149,3351,0,0,1
"1284",24,34,3,42,1,16019066,16022216,3150,1,1,1
"1285",24,49,6,43,1,16028691,16030560,1869,0,0,1
"1286",24,50,1,44,1,16043361,16045341,1980,1,1,1
"1287",24,4,3,45,1,16055766,16057750,1984,0,0,1
"1288",24,25,6,46,1,16081697,16084121,2424,0,0,1
"1289",24,26,1,47,1,16090340,16092630,2290,1,1,1
"1290",24,46,3,48,1,16119812,16122068,2256,0,0,1
"1291",24,32,1,49,1,16130318,16133023,2705,1,1,1
"1292",24,9,2,50,1,16144760,16147390,2630,1,1,1
"1293",24,22,3,51,1,16155630,16157966,2336,1,1,1
"1294",24,38,1,52,1,16165719,16167982,2263,0,0,1
"1295",24,48,5,53,1,16187793,16190515,2722,0,0,1
"1296",24,27,2,54,1,16203051,16205156,2105,0,0,1
"1297",25,23,5,1,1,17754479,17756878,2399,0,0,1
"1298",25,34,4,2,1,17763983,17768855,4872,1,1,1
"1299",25,32,2,3,1,17814645,17817061,2416,1,1,1
"1300",25,4,4,4,1,17856544,17860434,3890,0,0,1
"1301",25,20,2,5,1,17874780,17879454,4674,1,1,1
"1302",25,35,5,6,1,17886649,17889841,3192,0,0,1
"1303",25,37,1,7,1,17911099,17913840,2741,1,1,1
"1304",25,21,3,8,1,18039388,18042105,2717,1,1,1
"1305",25,2,2,9,1,18070694,18075139,4445,1,1,1
"1306",25,18,6,10,1,18083607,18086496,2889,0,0,1
"1307",25,7,1,11,1,18097387,18102589,5202,1,1,1
"1308",25,48,6,12,1,18124844,18127986,3142,0,0,1
"1309",25,5,5,13,1,18170301,18173430,3129,0,0,1
"1310",25,49,1,14,1,18188426,18190756,2330,0,0,1
"1311",25,41,5,15,1,18198748,18201079,2331,0,0,1
"1312",25,28,4,16,1,18207237,18209517,2280,0,0,1
"1313",25,26,2,17,1,18218453,18222258,3805,1,1,1
"1314",25,25,1,18,1,18255236,18257958,2722,0,0,1
"1315",25,53,5,19,1,18265525,18268727,3202,0,0,1
"1316",25,42,6,20,1,18329309,18334178,4869,1,1,1
"1317",25,52,4,21,1,18341977,18344181,2204,1,1,1
"1318",25,3,3,22,1,18350761,18353276,2515,1,1,1
"1319",25,11,5,23,1,18360104,18380213,20109,0,1,0
"1320",25,29,5,24,1,18390436,18393263,2827,1,1,1
"1321",25,33,3,25,1,18436195,18439252,3057,0,0,1
"1322",25,22,4,26,1,18447165,18450420,3255,1,1,1
"1323",25,10,4,27,1,18465924,18469793,3869,0,0,1
"1324",25,38,2,28,1,18650103,18652492,2389,0,0,1
"1325",25,45,3,29,1,18671050,18673359,2309,1,1,1
"1326",25,13,1,30,1,18681104,18683647,2543,1,1,1
"1327",25,40,4,31,1,18783760,18786702,2942,0,0,1
"1328",25,27,3,32,1,18818872,18821517,2645,0,0,1
"1329",25,44,2,33,1,18943477,18946104,2627,1,1,1
"1330",25,14,2,34,1,18959776,18965731,5955,1,1,1
"1331",25,12,6,35,1,18974657,18978865,4208,0,0,1
"1332",25,30,6,36,1,18991327,18993753,2426,1,1,1
"1333",25,46,4,37,1,19006805,19010547,3742,0,0,1
"1334",25,17,5,38,1,19023924,19026461,2537,1,1,1
"1335",25,15,3,39,1,19055979,19058611,2632,1,1,1
"1336",25,51,3,40,1,19066420,19068547,2127,0,0,1
"1337",25,36,6,41,1,19073836,19076622,2786,1,1,1
"1338",25,43,1,42,1,19083857,19086940,3083,0,0,1
"1339",25,16,4,43,1,19124696,19127772,3076,0,0,1
"1340",25,24,6,44,1,19134711,19139059,4348,0,0,1
"1341",25,8,2,45,1,19148168,19151608,3440,0,0,1
"1342",25,1,1,46,1,19180972,19183909,2937,0,0,1
"1343",25,50,2,47,1,19210126,19212979,2853,1,1,1
"1344",25,31,1,48,1,19225620,19228053,2433,0,0,1
"1345",25,19,1,49,1,19233636,19238791,5155,1,1,1
"1346",25,39,3,50,1,19246195,19248486,2291,1,1,1
"1347",25,47,5,51,1,19271182,19273670,2488,1,1,1
"1348",25,9,3,52,1,19296508,19301847,5339,1,0,0
"1349",25,54,6,53,1,19374330,19376718,2388,1,1,1
"1350",25,6,6,54,1,19396974,19399376,2402,0,0,1
"1351",26,28,5,1,1,939198,942370,3172,0,0,1
"1352",26,39,4,2,1,956244,958275,2031,1,1,1
"1353",26,2,3,3,1,977853,980715,2862,1,1,1
"1354",26,46,5,4,1,1004809,1008365,3556,0,0,1
"1355",26,41,6,5,1,1016456,1019182,2726,0,0,1
"1356",26,6,1,6,1,1026474,1029224,2750,0,0,1
"1357",26,19,2,7,1,1043402,1049163,5761,1,1,1
"1358",26,23,6,8,1,1056076,1059174,3098,0,0,1
"1359",26,7,2,9,1,1067982,1070711,2729,1,1,1
"1360",26,5,6,10,1,1083773,1086889,3116,0,0,1
"1361",26,40,5,11,1,1122803,1125555,2752,0,0,1
"1362",26,54,1,12,1,1158678,1162296,3618,1,1,1
"1363",26,3,4,13,1,1188713,1191365,2652,1,1,1
"1364",26,14,3,14,1,1229439,1232490,3051,1,1,1
"1365",26,42,1,15,1,1240444,1243311,2867,1,1,1
"1366",26,16,5,16,1,1257609,1260398,2789,0,0,1
"1367",26,49,2,17,1,1287548,1289900,2352,0,0,1
"1368",26,31,2,18,1,1296092,1299177,3085,0,0,1
"1369",26,8,3,19,1,1349899,1353831,3932,0,0,1
"1370",26,25,2,20,1,1382707,1385158,2451,0,0,1
"1371",26,15,4,21,1,1402555,1405339,2784,1,1,1
"1372",26,10,5,22,1,1412966,1416095,3129,0,0,1
"1373",26,44,3,23,1,1440929,1443537,2608,1,1,1
"1374",26,34,5,24,1,1449422,1453040,3618,1,1,1
"1375",26,4,5,25,1,1509235,1511459,2224,0,0,1
"1376",26,29,6,26,1,1519956,1522516,2560,1,1,1
"1377",26,47,6,27,1,1554748,1557128,2380,1,1,1
"1378",26,32,3,28,1,1569351,1571783,2432,1,1,1
"1379",26,13,2,29,1,1584754,1587350,2596,1,1,1
"1380",26,36,1,30,1,1603220,1605757,2537,1,1,1
"1381",26,48,1,31,1,1636863,1640218,3355,0,0,1
"1382",26,27,4,32,1,1647680,1649915,2235,0,0,1
"1383",26,21,4,33,1,1664124,1666762,2638,1,1,1
"1384",26,9,4,34,1,1673680,1676105,2425,1,1,1
"1385",26,38,3,35,1,1681799,1683955,2156,0,0,1
"1386",26,52,5,36,1,1707908,1710232,2324,1,1,1
"1387",26,51,4,37,1,1716713,1719556,2843,0,0,1
"1388",26,45,4,38,1,1736343,1738994,2651,1,1,1
"1389",26,17,6,39,1,1773460,1776227,2767,1,1,1
"1390",26,18,1,40,1,1787789,1789969,2180,0,0,1
"1391",26,33,4,41,1,1796813,1800032,3219,0,0,1
"1392",26,30,1,42,1,1806373,1808435,2062,1,1,1
"1393",26,11,6,43,1,1820478,1823332,2854,0,1,0
"1394",26,12,1,44,1,1829645,1832273,2628,0,0,1
"1395",26,22,5,45,1,1839533,1842124,2591,1,1,1
"1396",26,37,2,46,1,1847687,1850295,2608,1,1,1
"1397",26,26,3,47,1,1856006,1859145,3139,1,1,1
"1398",26,53,6,48,1,1881597,1884687,3090,0,0,1
"1399",26,24,1,49,1,1891979,1894510,2531,0,0,1
"1400",26,50,3,50,1,1924789,1927353,2564,1,1,1
"1401",26,20,3,51,1,1957375,1960528,3153,1,1,1
"1402",26,35,6,52,1,1983494,1986191,2697,0,0,1
"1403",26,1,2,53,1,1997496,1999885,2389,0,0,1
"1404",26,43,2,54,1,2024059,2026390,2331,0,0,1
"1405",27,49,3,1,1,3242356,3244654,2298,0,0,1
"1406",27,47,1,2,1,3250895,3253759,2864,1,1,1
"1407",27,28,6,3,1,3272434,3276283,3849,0,0,1
"1408",27,7,3,4,1,3282863,3289702,6839,1,1,1
"1409",27,40,6,5,1,3297660,3300932,3272,0,0,1
"1410",27,48,2,6,1,3314649,3317512,2863,0,0,1
"1411",27,8,4,7,1,3325605,3328547,2942,0,0,1
"1412",27,13,3,8,1,3357416,3359749,2333,1,1,1
"1413",27,10,6,9,1,3366637,3369153,2516,0,0,1
"1414",27,37,3,10,1,3378871,3381244,2373,1,1,1
"1415",27,45,5,11,1,3396644,3399050,2406,1,1,1
"1416",27,44,4,12,1,3414074,3416250,2176,1,1,1
"1417",27,29,1,13,1,3427316,3429412,2096,1,1,1
"1418",27,46,6,14,1,3451837,3454509,2672,0,0,1
"1419",27,2,4,15,1,3461955,3464604,2649,1,1,1
"1420",27,42,2,16,1,3487783,3490514,2731,1,1,1
"1421",27,6,2,17,1,3531745,3534405,2660,0,0,1
"1422",27,9,5,18,1,3541818,3546295,4477,1,1,1
"1423",27,54,2,19,1,3553921,3556850,2929,1,1,1
"1424",27,31,3,20,1,3583734,3586286,2552,0,0,1
"1425",27,27,5,21,1,3592906,3595216,2310,0,0,1
"1426",27,25,3,22,1,3626720,3629332,2612,0,0,1
"1427",27,41,1,23,1,3681596,3684163,2567,0,0,1
"1428",27,21,5,24,1,3701707,3704482,2775,1,1,1
"1429",27,3,5,25,1,3725848,3728200,2352,1,1,1
"1430",27,34,6,26,1,3772874,3775344,2470,1,1,1
"1431",27,43,3,27,1,3782041,3784233,2192,0,0,1
"1432",27,32,4,28,1,3800487,3805632,5145,1,1,1
"1433",27,36,2,29,1,3828483,3832402,3919,1,1,1
"1434",27,4,6,30,1,3844592,3846577,1985,0,0,1
"1435",27,26,4,31,1,3882654,3884891,2237,1,1,1
"1436",27,5,1,32,1,3890416,3894414,3998,0,0,1
"1437",27,14,4,33,1,3917985,3920330,2345,1,1,1
"1438",27,16,6,34,1,3933380,3936205,2825,0,0,1
"1439",27,17,1,35,1,3944223,3946526,2303,1,1,1
"1440",27,39,5,36,1,3951762,3954318,2556,1,1,1
"1441",27,33,5,37,1,3961708,3964380,2672,0,1,0
"1442",27,53,1,38,1,3971272,3973890,2618,0,0,1
"1443",27,35,1,39,1,3980808,3985134,4326,0,0,1
"1444",27,22,6,40,1,3992553,3995429,2876,1,1,1
"1445",27,11,1,41,1,4017514,4020566,3052,0,1,0
"1446",27,52,6,42,1,4034128,4037035,2907,1,1,1
"1447",27,19,3,43,1,4055237,4062759,7522,1,0,0
"1448",27,12,2,44,1,4070185,4072853,2668,0,0,1
"1449",27,38,4,45,1,4089201,4091667,2466,0,0,1
"1450",27,24,2,46,1,4106015,4109620,3605,0,0,1
"1451",27,1,3,47,1,4123914,4126842,2928,0,0,1
"1452",27,30,2,48,1,4170988,4173164,2176,1,1,1
"1453",27,18,2,49,1,4191727,4194802,3075,0,0,1
"1454",27,20,4,50,1,4201102,4204326,3224,1,1,1
"1455",27,51,5,51,1,4236814,4239665,2851,0,0,1
"1456",27,50,4,52,1,4247214,4249748,2534,1,1,1
"1457",27,15,5,53,1,4280827,4283236,2409,1,1,1
"1458",27,23,1,54,1,4289184,4292474,3290,0,0,1
"1459",28,5,2,1,1,5522548,5526186,3638,0,0,1
"1460",28,32,5,2,1,5562201,5564700,2499,1,1,1
"1461",28,43,4,3,1,5572387,5575135,2748,0,0,1
"1462",28,21,6,4,1,5592819,5595421,2602,1,1,1
"1463",28,42,3,5,1,5610250,5613312,3062,1,1,1
"1464",28,47,2,6,1,5627711,5630314,2603,1,1,1
"1465",28,12,3,7,1,5652289,5655445,3156,0,0,1
"1466",28,49,4,8,1,5679461,5681927,2466,0,0,1
"1467",28,11,2,9,1,5709803,5713582,3779,0,0,1
"1468",28,7,4,10,1,5747379,5751542,4163,1,1,1
"1469",28,15,6,11,1,5777163,5779984,2821,1,1,1
"1470",28,38,5,12,1,5795554,5798524,2970,0,0,1
"1471",28,23,2,13,1,5837554,5840422,2868,0,0,1
"1472",28,6,3,14,1,5849851,5853117,3266,0,0,1
"1473",28,3,6,15,1,5869460,5871863,2403,1,1,1
"1474",28,13,4,16,1,5885248,5887865,2617,1,1,1
"1475",28,44,5,17,1,5912895,5915341,2446,1,1,1
"1476",28,19,4,18,1,5921476,5925317,3841,1,1,1
"1477",28,40,1,19,1,5938696,5941853,3157,0,0,1
"1478",28,54,3,20,1,5989569,5993112,3543,1,1,1
"1479",28,18,3,21,1,6000586,6003388,2802,0,0,1
"1480",28,17,2,22,1,6013779,6016705,2926,1,1,1
"1481",28,45,6,23,1,6023948,6026813,2865,1,1,1
"1482",28,46,1,24,1,6047824,6050558,2734,0,0,1
"1483",28,34,1,25,1,6066361,6069451,3090,1,1,1
"1484",28,24,3,26,1,6091265,6094015,2750,0,0,1
"1485",28,51,6,27,1,6130229,6132847,2618,0,0,1
"1486",28,29,2,28,1,6147870,6150394,2524,1,1,1
"1487",28,16,1,29,1,6165618,6167888,2270,0,0,1
"1488",28,33,6,30,1,6182640,6186542,3902,0,0,1
"1489",28,1,4,31,1,6253634,6256988,3354,0,0,1
"1490",28,27,6,32,1,6284712,6287144,2432,0,0,1
"1491",28,39,6,33,1,6293401,6295687,2286,1,1,1
"1492",28,48,3,34,1,6300901,6303652,2751,0,0,1
"1493",28,35,2,35,1,6310827,6329695,18868,0,0,1
"1494",28,53,2,36,1,6338719,6340917,2198,0,0,1
"1495",28,4,1,37,1,6354924,6356952,2028,0,0,1
"1496",28,36,3,38,1,6394968,6399064,4096,1,1,1
"1497",28,8,5,39,1,6409249,6412000,2751,0,0,1
"1498",28,25,4,40,1,6419315,6422207,2892,0,0,1
"1499",28,14,5,41,1,6436206,6438975,2769,1,1,1
"1500",28,22,1,42,1,6461116,6465798,4682,1,1,1
"1501",28,30,3,43,1,6480344,6483047,2703,1,1,1
"1502",28,50,5,44,1,6496898,6499986,3088,1,1,1
"1503",28,20,5,45,1,6506710,6509696,2986,1,1,1
"1504",28,41,2,46,1,6558401,6560925,2524,0,0,1
"1505",28,52,1,47,1,6567469,6570646,3177,1,1,1
"1506",28,9,6,48,1,6578927,6581409,2482,1,1,1
"1507",28,26,5,49,1,6621401,6625273,3872,1,1,1
"1508",28,10,1,50,1,6637743,6640302,2559,0,0,1
"1509",28,28,1,51,1,6662965,6666266,3301,0,0,1
"1510",28,31,4,52,1,6699647,6702058,2411,0,0,1
"1511",28,37,4,53,1,6718595,6721837,3242,1,1,1
"1512",28,2,5,54,1,6736684,6739857,3173,1,1,1
"1513",29,30,4,1,1,8118618,8121256,2638,1,1,1
"1514",29,7,5,2,1,8150929,8154547,3618,1,1,1
"1515",29,31,5,3,1,8163028,8166919,3891,0,1,0
"1516",29,21,1,4,1,8203042,8206293,3251,1,1,1
"1517",29,13,5,5,1,8213708,8216480,2772,1,1,1
"1518",29,33,1,6,1,8237414,8241272,3858,0,0,1
"1519",29,10,2,7,1,8247776,8250776,3000,0,0,1
"1520",29,44,6,8,1,8280550,8283697,3147,1,1,1
"1521",29,34,2,9,1,8295457,8300670,5213,1,1,1
"1522",29,20,6,10,1,8307310,8311518,4208,1,1,1
"1523",29,43,5,11,1,8339068,8343456,4388,0,0,1
"1524",29,29,3,12,1,8372997,8375761,2764,1,1,1
"1525",29,17,3,13,1,8382555,8385358,2803,1,1,1
"1526",29,14,6,14,1,8406518,8409176,2658,1,1,1
"1527",29,42,4,15,1,8422211,8425472,3261,1,1,1
"1528",29,51,1,16,1,8451518,8454206,2688,0,0,1
"1529",29,3,1,17,1,8460478,8463251,2773,1,1,1
"1530",29,27,1,18,1,8476585,8479390,2805,0,0,1
"1531",29,18,4,19,1,8486197,8488815,2618,0,0,1
"1532",29,19,5,20,1,8515989,8520382,4393,1,0,0
"1533",29,16,2,21,1,8557721,8561013,3292,0,0,1
"1534",29,36,4,22,1,8567457,8570778,3321,1,1,1
"1535",29,24,4,23,1,8611664,8615393,3729,0,0,1
"1536",29,6,4,24,1,8653655,8656285,2630,0,0,1
"1537",29,41,3,25,1,8663142,8666068,2926,0,0,1
"1538",29,47,3,26,1,8672542,8676126,3584,1,1,1
"1539",29,26,6,27,1,8689838,8693106,3268,1,1,1
"1540",29,1,5,28,1,8699345,8702488,3143,0,0,1
"1541",29,8,6,29,1,8709532,8712453,2921,0,0,1
"1542",29,28,2,30,1,8719092,8722388,3296,0,0,1
"1543",29,11,3,31,1,8728327,8731237,2910,0,0,1
"1544",29,2,6,32,1,8738075,8741035,2960,1,1,1
"1545",29,50,6,33,1,8748845,8751410,2565,1,1,1
"1546",29,15,1,34,1,8775771,8778287,2516,1,1,1
"1547",29,52,2,35,1,8795519,8798086,2567,1,1,1
"1548",29,9,1,36,1,8811067,8814267,3200,1,1,1
"1549",29,25,5,37,1,8839021,8841537,2516,0,0,1
"1550",29,5,3,38,1,8847930,8851286,3356,0,0,1
"1551",29,37,5,39,1,8874100,8876758,2658,1,1,1
"1552",29,4,2,40,1,8888939,8891525,2586,0,0,1
"1553",29,39,1,41,1,8897312,8900150,2838,1,1,1
"1554",29,48,4,42,1,8931513,8935244,3731,0,0,1
"1555",29,38,6,43,1,8953397,8956068,2671,0,0,1
"1556",29,32,6,44,1,8963346,8966117,2771,1,1,1
"1557",29,45,1,45,1,8983796,8986523,2727,1,1,1
"1558",29,23,3,46,1,8993204,8995895,2691,0,0,1
"1559",29,22,2,47,1,9016592,9019764,3172,1,1,1
"1560",29,54,4,48,1,9026837,9030016,3179,1,1,1
"1561",29,46,2,49,1,9035643,9038878,3235,0,0,1
"1562",29,12,4,50,1,9057379,9060237,2858,0,0,1
"1563",29,49,5,51,1,9090285,9092924,2639,0,0,1
"1564",29,53,3,52,1,9135838,9138109,2271,0,0,1
"1565",29,35,3,53,1,9154306,9157554,3248,0,0,1
"1566",29,40,2,54,1,9190592,9193542,2950,0,0,1
"1567",30,16,3,1,1,1231176,1234015,2839,0,0,1
"1568",30,29,4,2,1,1275009,1278229,3220,1,0,0
"1569",30,43,6,3,1,1285548,1288049,2501,0,0,1
"1570",30,48,5,4,1,1317562,1320079,2517,0,0,1
"1571",30,47,4,5,1,1326504,1329601,3097,1,1,1
"1572",30,7,6,6,1,1351089,1354324,3235,1,1,1
"1573",30,2,1,7,1,1362030,1365015,2985,1,1,1
"1574",30,11,4,8,1,1378806,1380954,2148,0,1,0
"1575",30,46,3,9,1,1426219,1429976,3757,0,0,1
"1576",30,36,5,10,1,1445103,1447711,2608,1,1,1
"1577",30,25,6,11,1,1470197,1473460,3263,0,0,1
"1578",30,22,3,12,1,1538967,1541421,2454,1,1,1
"1579",30,37,6,13,1,1549386,1551616,2230,1,1,1
"1580",30,35,4,14,1,1575402,1578641,3239,0,0,1
"1581",30,1,6,15,1,1594719,1598755,4036,0,0,1
"1582",30,20,1,16,1,1604103,1606778,2675,1,1,1
"1583",30,27,2,17,1,1625597,1628263,2666,0,0,1
"1584",30,42,5,18,1,1641875,1644738,2863,1,1,1
"1585",30,15,2,19,1,1682896,1686722,3826,1,1,1
"1586",30,19,6,20,1,1713351,1718136,4785,1,1,1
"1587",30,12,5,21,1,1745771,1748685,2914,0,0,1
"1588",30,34,3,22,1,1755430,1758434,3004,1,1,1
"1589",30,50,1,23,1,1767357,1769517,2160,1,1,1
"1590",30,5,4,24,1,1776483,1779660,3177,0,0,1
"1591",30,54,5,25,1,1792993,1803504,10511,1,0,0
"1592",30,30,5,26,1,1862632,1865281,2649,1,1,1
"1593",30,53,4,27,1,1874159,1876771,2612,0,0,1
"1594",30,21,2,28,1,1883528,1888028,4500,1,1,1
"1595",30,6,5,29,1,1943212,1946999,3787,0,0,1
"1596",30,31,6,30,1,1983138,1987110,3972,0,0,1
"1597",30,18,5,31,1,2000402,2003170,2768,0,0,1
"1598",30,49,6,32,1,2019012,2021164,2152,0,0,1
"1599",30,51,2,33,1,2040792,2043409,2617,0,0,1
"1600",30,44,1,34,1,2048892,2051206,2314,1,1,1
"1601",30,23,4,35,1,2083041,2086280,3239,0,0,1
"1602",30,38,1,36,1,2106404,2109078,2674,0,0,1
"1603",30,33,2,37,1,2117291,2120760,3469,0,0,1
"1604",30,39,2,38,1,2129766,2132098,2332,1,1,1
"1605",30,8,1,39,1,2138604,2142194,3590,0,0,1
"1606",30,26,1,40,1,2149857,2154103,4246,1,1,1
"1607",30,14,1,41,1,2162260,2164531,2271,1,1,1
"1608",30,45,2,42,1,2219392,2222038,2646,1,1,1
"1609",30,9,2,43,1,2237008,2240523,3515,1,1,1
"1610",30,52,3,44,1,2265467,2268959,3492,1,1,1
"1611",30,32,1,45,1,2278198,2281101,2903,1,1,1
"1612",30,3,2,46,1,2294834,2297468,2634,1,1,1
"1613",30,13,6,47,1,2324681,2327517,2836,1,1,1
"1614",30,28,3,48,1,2368136,2371336,3200,0,0,1
"1615",30,17,4,49,1,2385633,2388361,2728,1,1,1
"1616",30,41,4,50,1,2394977,2397272,2295,0,0,1
"1617",30,4,3,51,1,2417641,2419963,2322,0,0,1
"1618",30,40,3,52,1,2434997,2438330,3333,0,0,1
"1619",30,24,5,53,1,2446656,2449332,2676,0,0,1
"1620",30,10,3,54,1,2465165,2469012,3847,0,0,1
"1621",31,48,6,1,1,3421211,3424495,3284,0,0,1
"1622",31,6,6,2,1,3438593,3441449,2856,0,0,1
"1623",31,52,4,3,1,3465029,3468012,2983,1,1,1
"1624",31,33,3,4,1,3477221,3480654,3433,0,0,1
"1625",31,42,6,5,1,3487711,3491115,3404,1,1,1
"1626",31,31,1,6,1,3507163,3509989,2826,0,0,1
"1627",31,28,4,7,1,3519550,3522536,2986,0,0,1
"1628",31,32,2,8,1,3553799,3556840,3041,1,1,1
"1629",31,27,3,9,1,3564386,3566873,2487,0,0,1
"1630",31,44,2,10,1,3615899,3618942,3043,1,1,1
"1631",31,23,5,11,1,3654142,3657006,2864,0,0,1
"1632",31,24,6,12,1,3663962,3666896,2934,0,0,1
"1633",31,7,1,13,1,3675150,3677965,2815,1,1,1
"1634",31,4,4,14,1,3699923,3702463,2540,0,0,1
"1635",31,1,1,15,1,3760584,3763628,3044,0,0,1
"1636",31,45,3,16,1,3777587,3780435,2848,1,1,1
"1637",31,5,5,17,1,3787383,3790397,3014,0,0,1
"1638",31,14,2,18,1,3829255,3832149,2894,1,1,1
"1639",31,51,3,19,1,3852465,3855333,2868,0,0,1
"1640",31,16,4,20,1,3871042,3873635,2593,0,0,1
"1641",31,3,3,21,1,3895510,3899563,4053,1,1,1
"1642",31,41,5,22,1,3906206,3909861,3655,0,0,1
"1643",31,9,3,23,1,3934082,3938711,4629,1,1,1
"1644",31,40,4,24,1,3946068,3949333,3265,0,0,1
"1645",31,2,2,25,1,4017294,4020286,2992,1,1,1
"1646",31,22,4,26,1,4059790,4062490,2700,1,1,1
"1647",31,17,5,27,1,4078259,4080978,2719,1,1,1
"1648",31,25,1,28,1,4105150,4107953,2803,0,0,1
"1649",31,39,3,29,1,4150075,4153043,2968,1,1,1
"1650",31,20,2,30,1,4160671,4163499,2828,1,1,1
"1651",31,29,5,31,1,4188265,4191142,2877,1,1,1
"1652",31,34,4,32,1,4208462,4211775,3313,1,1,1
"1653",31,21,3,33,1,4220537,4223051,2514,1,1,1
"1654",31,26,2,34,1,4247619,4250574,2955,1,1,1
"1655",31,47,5,35,1,4285730,4288648,2918,1,1,1
"1656",31,36,6,36,1,4329772,4332757,2985,1,1,1
"1657",31,19,1,37,1,4342620,4345545,2925,1,1,1
"1658",31,12,6,38,1,4384491,4387677,3186,0,0,1
"1659",31,38,2,39,1,4395397,4397908,2511,0,0,1
"1660",31,50,2,40,1,4412315,4415042,2727,1,1,1
"1661",31,54,6,41,1,4430482,4433287,2805,1,1,1
"1662",31,10,4,42,1,4463616,4466483,2867,0,0,1
"1663",31,13,1,43,1,4491594,4494277,2683,1,1,1
"1664",31,15,3,44,1,4502587,4505173,2586,1,1,1
"1665",31,30,6,45,1,4531675,4534702,3027,1,1,1
"1666",31,8,2,46,1,4542342,4544919,2577,0,0,1
"1667",31,35,5,47,1,4560067,4563807,3740,0,0,1
"1668",31,11,5,48,1,4570552,4573175,2623,0,0,1
"1669",31,37,1,49,1,4581105,4583846,2741,1,1,1
"1670",31,49,1,50,1,4591775,4594294,2519,0,0,1
"1671",31,46,4,51,1,4601602,4604303,2701,0,0,1
"1672",31,53,5,52,1,4625099,4627923,2824,0,0,1
"1673",31,43,1,53,1,4635245,4637978,2733,0,0,1
"1674",31,18,6,54,1,4658694,4661503,2809,0,0,1
"1675",32,7,2,1,1,5839101,5844006,4905,1,1,1
"1676",32,24,1,2,1,5864435,5867974,3539,0,0,1
"1677",32,30,1,3,1,5888803,5891290,2487,1,1,1
"1678",32,44,3,4,1,5904315,5906685,2370,1,1,1
"1679",32,47,6,5,1,5976570,5979571,3001,1,1,1
"1680",32,31,2,6,1,5986886,5990286,3400,0,0,1
"1681",32,32,3,7,1,6036890,6040633,3743,1,1,1
"1682",32,51,4,8,1,6060241,6062742,2501,0,0,1
"1683",32,26,3,9,1,6079212,6082785,3573,1,1,1
"1684",32,49,2,10,1,6089700,6092223,2523,0,0,1
"1685",32,27,4,11,1,6099364,6101938,2574,0,0,1
"1686",32,2,3,12,1,6108823,6112848,4025,1,1,1
"1687",32,3,4,13,1,6150610,6153686,3076,1,1,1
"1688",32,18,1,14,1,6166589,6169581,2992,0,0,1
"1689",32,20,3,15,1,6175545,6178831,3286,1,1,1
"1690",32,45,4,16,1,6185267,6187992,2725,1,1,1
"1691",32,46,5,17,1,6201486,6204007,2521,0,0,1
"1692",32,52,5,18,1,6218571,6221928,3357,1,1,1
"1693",32,34,5,19,1,6229108,6232304,3196,1,1,1
"1694",32,16,5,20,1,6245823,6248644,2821,0,0,1
"1695",32,5,6,21,1,6268553,6271595,3042,0,0,1
"1696",32,33,4,22,1,6289485,6292295,2810,0,0,1
"1697",32,14,3,23,1,6361786,6364983,3197,1,0,0
"1698",32,48,1,24,1,6377238,6381090,3852,0,0,1
"1699",32,43,2,25,1,6387089,6389638,2549,0,0,1
"1700",32,13,2,26,1,6398104,6400707,2603,1,1,1
"1701",32,37,2,27,1,6428774,6432742,3968,1,1,1
"1702",32,8,3,28,1,6449291,6452075,2784,0,0,1
"1703",32,41,6,29,1,6459835,6462558,2723,0,0,1
"1704",32,6,1,30,1,6494613,6497167,2554,0,0,1
"1705",32,19,2,31,1,6502752,6507242,4490,1,1,1
"1706",32,36,1,32,1,6513543,6516705,3162,1,1,1
"1707",32,21,4,33,1,6530403,6533813,3410,1,1,1
"1708",32,1,2,34,1,6578893,6582007,3114,0,0,1
"1709",32,9,4,35,1,6611252,6614004,2752,1,1,1
"1710",32,28,5,36,1,6671849,6674954,3105,0,0,1
"1711",32,4,5,37,1,6686934,6689721,2787,0,0,1
"1712",32,38,3,38,1,6696862,6699138,2276,0,0,1
"1713",32,15,4,39,1,6724333,6727215,2882,1,1,1
"1714",32,11,6,40,1,6733029,6736104,3075,0,0,1
"1715",32,17,6,41,1,6752318,6755377,3059,1,1,1
"1716",32,39,4,42,1,6768292,6771478,3186,1,1,1
"1717",32,29,6,43,1,6787713,6790564,2851,1,1,1
"1718",32,42,1,44,1,6810016,6813182,3166,1,1,1
"1719",32,12,1,45,1,6818664,6821960,3296,0,0,1
"1720",32,50,3,46,1,6852137,6854814,2677,1,1,1
"1721",32,22,5,47,1,6886671,6889387,2716,1,1,1
"1722",32,25,2,48,1,6895798,6897846,2048,0,0,1
"1723",32,40,5,49,1,6905253,6908562,3309,0,0,1
"1724",32,35,6,50,1,6915739,6919450,3711,0,0,1
"1725",32,54,1,51,1,6925453,6929486,4033,1,1,1
"1726",32,10,5,52,1,6935967,6938583,2616,0,0,1
"1727",32,23,6,53,1,6945284,6947646,2362,0,0,1
"1728",32,53,6,54,1,6954555,6956944,2389,0,0,1
"1729",33,30,2,1,1,8234621,8236885,2264,1,1,1
"1730",33,43,3,2,1,8243159,8245666,2507,0,0,1
"1731",33,22,6,3,1,8253369,8255773,2404,1,1,1
"1732",33,38,4,4,1,8311593,8314484,2891,0,0,1
"1733",33,36,2,5,1,8329278,8334096,4818,1,1,1
"1734",33,15,5,6,1,8341789,8344013,2224,1,1,1
"1735",33,2,4,7,1,8352756,8356914,4158,1,1,1
"1736",33,53,1,8,1,8362309,8364440,2131,0,0,1
"1737",33,34,6,9,1,8378490,8381384,2894,1,1,1
"1738",33,52,6,10,1,8398497,8400951,2454,1,1,1
"1739",33,7,3,11,1,8419159,8421903,2744,1,1,1
"1740",33,26,4,12,1,8442167,8445089,2922,1,1,1
"1741",33,3,5,13,1,8455055,8457603,2548,1,1,1
"1742",33,11,1,14,1,8514875,8516956,2081,0,1,0
"1743",33,19,3,15,1,8522732,8528704,5972,1,1,1
"1744",33,41,1,16,1,8548692,8551455,2763,0,0,1
"1745",33,44,4,17,1,8573046,8575353,2307,1,1,1
"1746",33,21,5,18,1,8596370,8598664,2294,1,1,1
"1747",33,46,6,19,1,8628709,8630886,2177,0,0,1
"1748",33,8,4,20,1,8646730,8650112,3382,0,0,1
"1749",33,25,3,21,1,8656858,8658822,1964,0,0,1
"1750",33,23,1,22,1,8680581,8683235,2654,0,0,1
"1751",33,47,1,23,1,8691605,8694556,2951,1,1,1
"1752",33,31,3,24,1,8782188,8784303,2115,0,0,1
"1753",33,54,2,25,1,8792823,8796751,3928,1,1,1
"1754",33,28,6,26,1,8804175,8806735,2560,0,0,1
"1755",33,39,5,27,1,8826705,8828648,1943,1,1,1
"1756",33,33,5,28,1,8854518,8857016,2498,0,0,1
"1757",33,13,3,29,1,8935948,8937886,1938,1,1,1
"1758",33,42,2,30,1,8944968,8947462,2494,1,1,1
"1759",33,17,1,31,1,8962585,8964878,2293,1,1,1
"1760",33,24,2,32,1,8979873,8982703,2830,0,0,1
"1761",33,50,4,33,1,8997307,8999090,1783,1,1,1
"1762",33,29,1,34,1,9036634,9038995,2361,1,1,1
"1763",33,10,6,35,1,9073558,9076569,3011,0,0,1
"1764",33,9,5,36,1,9100226,9102152,1926,1,1,1
"1765",33,37,3,37,1,9112091,9114681,2590,1,1,1
"1766",33,16,6,38,1,9129065,9131435,2370,0,0,1
"1767",33,4,6,39,1,9138634,9141098,2464,0,0,1
"1768",33,27,5,40,1,9178653,9180643,1990,0,0,1
"1769",33,1,3,41,1,9188304,9192626,4322,0,0,1
"1770",33,12,2,42,1,9211960,9214405,2445,0,0,1
"1771",33,14,4,43,1,9284577,9287298,2721,1,1,1
"1772",33,6,2,44,1,9297873,9299834,1961,0,0,1
"1773",33,51,5,45,1,9373944,9376231,2287,0,0,1
"1774",33,49,3,46,1,9390390,9392433,2043,0,0,1
"1775",33,48,2,47,1,9445140,9447618,2478,0,0,1
"1776",33,18,2,48,1,9482706,9485004,2298,0,0,1
"1777",33,20,4,49,1,9498504,9500993,2489,1,1,1
"1778",33,32,4,50,1,9520879,9523637,2758,1,1,1
"1779",33,40,6,51,1,9530647,9533400,2753,0,0,1
"1780",33,35,1,52,1,9547355,9550188,2833,0,0,1
"1781",33,5,1,53,1,9601577,9604247,2670,0,0,1
"1782",33,45,5,54,1,9618370,9620761,2391,1,1,1
"1783",34,8,5,1,1,802687,806272,3585,0,0,1
"1784",34,32,5,2,1,821384,824794,3410,1,1,1
"1785",34,20,5,3,1,832742,837252,4510,1,1,1
"1786",34,21,6,4,1,865782,868607,2825,1,1,1
"1787",34,35,2,5,1,892711,896590,3879,0,0,1
"1788",34,9,6,6,1,951251,955216,3965,1,1,1
"1789",34,40,1,7,1,963129,966825,3696,0,0,1
"1790",34,24,3,8,1,1000224,1003537,3313,0,0,1
"1791",34,7,4,9,1,1022135,1027256,5121,1,1,1
"1792",34,50,5,10,1,1048715,1052146,3431,1,1,1
"1793",34,44,5,11,1,1075569,1079842,4273,1,1,1
"1794",34,28,1,12,1,1093174,1097324,4150,0,0,1
"1795",34,34,1,13,1,1151068,1155182,4114,1,1,1
"1796",34,54,3,14,1,1183027,1188082,5055,1,1,1
"1797",34,37,4,15,1,1199106,1203216,4110,1,1,1
"1798",34,22,1,16,1,1218628,1222049,3421,1,1,1
"1799",34,4,1,17,1,1293456,1296602,3146,0,0,1
"1800",34,41,2,18,1,1310971,1313609,2638,0,0,1
"1801",34,49,4,19,1,1323293,1325577,2284,0,0,1
"1802",34,14,5,20,1,1333994,1336567,2573,1,1,1
"1803",34,45,6,21,1,1349577,1352068,2491,1,1,1
"1804",34,29,2,22,1,1387374,1390034,2660,1,1,1
"1805",34,47,2,23,1,1484267,1487318,3051,1,1,1
"1806",34,23,2,24,1,1494908,1497774,2866,0,0,1
"1807",34,16,1,25,1,1523355,1527583,4228,0,0,1
"1808",34,39,6,26,1,1623062,1626100,3038,1,1,1
"1809",34,30,3,27,1,1655064,1658061,2997,1,1,1
"1810",34,51,6,28,1,1694423,1697000,2577,0,0,1
"1811",34,52,1,29,1,1704196,1706936,2740,1,1,1
"1812",34,25,4,30,1,1713904,1716168,2264,0,0,1
"1813",34,53,2,31,1,1722891,1725289,2398,0,0,1
"1814",34,27,6,32,1,1732471,1734953,2482,0,0,1
"1815",34,13,4,33,1,1742487,1744796,2309,1,1,1
"1816",34,48,3,34,1,1763717,1766735,3018,0,0,1
"1817",34,17,2,35,1,1775174,1778870,3696,1,1,1
"1818",34,12,3,36,1,1784912,1787634,2722,0,0,1
"1819",34,46,1,37,1,1795348,1798264,2916,0,0,1
"1820",34,43,4,38,1,1804749,1807626,2877,0,0,1
"1821",34,36,3,39,1,1821568,1824688,3120,1,1,1
"1822",34,6,3,40,1,1832640,1835955,3315,0,0,1
"1823",34,1,4,41,1,1850026,1852622,2596,0,0,1
"1824",34,11,2,42,1,1865654,1868637,2983,0,0,1
"1825",34,42,3,43,1,1881934,1886277,4343,1,1,1
"1826",34,3,6,44,1,1985569,1989138,3569,1,1,1
"1827",34,2,5,45,1,1995609,1999302,3693,1,1,1
"1828",34,5,2,46,1,2021643,2024533,2890,0,0,1
"1829",34,15,6,47,1,2030654,2033716,3062,1,1,1
"1830",34,38,5,48,1,2040579,2043152,2573,0,0,1
"1831",34,31,4,49,1,2064442,2071175,6733,0,0,1
"1832",34,33,6,50,1,2088617,2091648,3031,0,0,1
"1833",34,26,5,51,1,2104339,2109056,4717,1,1,1
"1834",34,18,3,52,1,2119705,2122263,2558,0,0,1
"1835",34,19,4,53,1,2129564,2134425,4861,1,1,1
"1836",34,10,1,54,1,2149842,2153231,3389,0,0,1
"1837",35,43,5,1,1,3420957,3424009,3052,0,0,1
"1838",35,27,1,2,1,3430657,3433215,2558,0,0,1
"1839",35,28,2,3,1,3447052,3449787,2735,0,0,1
"1840",35,23,3,4,1,3462463,3464669,2206,0,0,1
"1841",35,17,3,5,1,3471178,3473719,2541,1,1,1
"1842",35,33,1,6,1,3480801,3483335,2534,0,0,1
"1843",35,46,2,7,1,3503636,3505925,2289,0,0,1
"1844",35,42,4,8,1,3512623,3515142,2519,1,1,1
"1845",35,48,4,9,1,3522565,3525239,2674,0,0,1
"1846",35,44,6,10,1,3531966,3534689,2723,1,1,1
"1847",35,51,1,11,1,3541304,3543573,2269,0,0,1
"1848",35,40,2,12,1,3550166,3553822,3656,0,0,1
"1849",35,37,5,13,1,3566738,3569576,2838,1,0,0
"1850",35,15,1,14,1,3576756,3578871,2115,1,1,1
"1851",35,52,2,15,1,3591719,3594766,3047,1,1,1
"1852",35,4,2,16,1,3603060,3605355,2295,0,0,1
"1853",35,2,6,17,1,3652051,3655090,3039,1,1,1
"1854",35,47,3,18,1,3661015,3663442,2427,1,1,1
"1855",35,16,2,19,1,3669497,3672470,2973,0,0,1
"1856",35,32,6,20,1,3709501,3712156,2655,1,1,1
"1857",35,39,1,21,1,3722940,3725399,2459,1,1,1
"1858",35,21,1,22,1,3731216,3733828,2612,1,1,1
"1859",35,41,3,23,1,3749493,3752428,2935,0,0,1
"1860",35,11,3,24,1,3775074,3777492,2418,0,0,1
"1861",35,7,5,25,1,3794938,3797971,3033,1,1,1
"1862",35,38,6,26,1,3816199,3818456,2257,0,0,1
"1863",35,30,4,27,1,3824314,3826127,1813,1,1,1
"1864",35,34,2,28,1,3843283,3846433,3150,1,1,1
"1865",35,45,1,29,1,3851483,3853950,2467,1,1,1
"1866",35,36,4,30,1,3860335,3862973,2638,1,1,1
"1867",35,10,2,31,1,3874870,3877281,2411,0,0,1
"1868",35,26,6,32,1,3889694,3892904,3210,1,0,0
"1869",35,14,6,33,1,3974638,3976858,2220,1,1,1
"1870",35,31,5,34,1,3989371,3991374,2003,0,0,1
"1871",35,22,2,35,1,4005335,4007688,2353,1,1,1
"1872",35,6,4,36,1,4020650,4022621,1971,0,0,1
"1873",35,53,3,37,1,4031151,4032957,1806,0,0,1
"1874",35,19,5,38,1,4038788,4041622,2834,1,0,0
"1875",35,35,3,39,1,4097299,4100452,3153,0,0,1
"1876",35,50,6,40,1,4134036,4136574,2538,1,1,1
"1877",35,3,1,41,1,4143071,4145136,2065,1,1,1
"1878",35,54,4,42,1,4151342,4153934,2592,1,1,1
"1879",35,20,6,43,1,4165032,4167961,2929,1,1,1
"1880",35,13,5,44,1,4228476,4230398,1922,1,1,1
"1881",35,24,4,45,1,4236711,4239294,2583,0,0,1
"1882",35,29,3,46,1,4261375,4264105,2730,1,1,1
"1883",35,18,4,47,1,4309523,4312907,3384,0,0,1
"1884",35,9,1,48,1,4319566,4322164,2598,1,1,1
"1885",35,8,6,49,1,4461602,4463952,2350,0,0,1
"1886",35,25,5,50,1,4475795,4478213,2418,0,0,1
"1887",35,1,5,51,1,4519893,4523003,3110,0,0,1
"1888",35,12,4,52,1,4551397,4555026,3629,0,0,1
"1889",35,5,3,53,1,4567274,4570032,2758,0,0,1
"1890",35,49,5,54,1,4576367,4578944,2577,0,0,1
"1891",36,12,5,1,1,226864,230087,3223,0,0,1
"1892",36,52,3,2,1,244015,246705,2690,1,1,1
"1893",36,23,4,3,1,260947,263503,2556,0,0,1
"1894",36,50,1,4,1,270994,274210,3216,1,1,1
"1895",36,42,5,5,1,291370,293863,2493,1,1,1
"1896",36,6,5,6,1,310550,313231,2681,0,0,1
"1897",36,26,1,7,1,340358,345492,5134,1,0,0
"1898",36,7,6,8,1,368431,371643,3212,1,1,1
"1899",36,25,6,9,1,378637,381158,2521,0,0,1
"1900",36,10,3,10,1,405101,407928,2827,0,0,1
"1901",36,53,4,11,1,422292,424528,2236,0,0,1
"1902",36,54,5,12,1,432046,436079,4033,1,1,1
"1903",36,43,6,13,1,448198,450719,2521,0,0,1
"1904",36,11,4,14,1,464734,467906,3172,0,0,1
"1905",36,28,3,15,1,477379,479808,2429,0,0,1
"1906",36,15,2,16,1,493798,496190,2392,1,1,1
"1907",36,32,1,17,1,531986,535262,3276,1,1,1
"1908",36,34,3,18,1,543565,546578,3013,1,1,1
"1909",36,17,4,19,1,562358,565510,3152,1,1,1
"1910",36,13,6,20,1,589182,591680,2498,1,1,1
"1911",36,37,6,21,1,603596,606468,2872,1,1,1
"1912",36,14,1,22,1,630056,632305,2249,1,1,1
"1913",36,47,4,23,1,646904,648994,2090,1,1,1
"1914",36,2,1,24,1,656897,660090,3193,1,1,1
"1915",36,16,3,25,1,667659,671217,3558,0,0,1
"1916",36,27,2,26,1,694505,697681,3176,0,0,1
"1917",36,46,3,27,1,710797,713175,2378,0,0,1
"1918",36,51,2,28,1,725140,727497,2357,0,0,1
"1919",36,21,2,29,1,779498,782303,2805,1,1,1
"1920",36,29,4,30,1,790939,794473,3534,1,1,1
"1921",36,20,1,31,1,856011,858461,2450,1,1,1
"1922",36,41,4,32,1,915100,918148,3048,0,0,1
"1923",36,19,6,33,1,924714,930423,5709,1,1,1
"1924",36,31,6,34,1,952465,956352,3887,0,0,1
"1925",36,49,6,35,1,993950,996039,2089,0,0,1
"1926",36,8,1,36,1,1002760,1005860,3100,0,0,1
"1927",36,48,5,37,1,1019545,1022647,3102,0,0,1
"1928",36,18,5,38,1,1034574,1037182,2608,0,0,1
"1929",36,22,3,39,1,1050598,1053118,2520,1,1,1
"1930",36,36,5,40,1,1073845,1076743,2898,1,1,1
"1931",36,5,4,41,1,1083683,1086418,2735,0,0,1
"1932",36,30,5,42,1,1091734,1094330,2596,1,1,1
"1933",36,39,2,43,1,1125250,1132041,6791,1,0,0
"1934",36,3,2,44,1,1152575,1155340,2765,1,1,1
"1935",36,35,4,45,1,1161304,1165202,3898,0,0,1
"1936",36,38,1,46,1,1189921,1192038,2117,0,0,1
"1937",36,44,1,47,1,1197858,1200536,2678,1,1,1
"1938",36,33,2,48,1,1213056,1215230,2174,0,0,1
"1939",36,24,5,49,1,1250604,1253344,2740,0,0,1
"1940",36,40,3,50,1,1261008,1264299,3291,0,0,1
"1941",36,9,2,51,1,1305662,1308209,2547,1,1,1
"1942",36,45,2,52,1,1314142,1316493,2351,1,1,1
"1943",36,4,3,53,1,1376172,1378923,2751,0,0,1
"1944",36,1,6,54,1,1394803,1397696,2893,0,0,1
